0,1,2,3,4,5,6,7,8,9,10,11,12,13,14,15,16,17,18,19,20,21,22,23,24,25,26,27,28,29
1.7058199948456239,1.049744658466951,2.1212946466350346,1.6693367568581838,2.276457885177799,4.544294864600647,3.539139389878928,2.848392683696185,4.0323896223352,2.6397726378046613,1.886582177234904,1.2000531385388795,2.8727504773723114,1.7492174147651016,1.1977725746159396,2.415587428513661,2.3247057018562853,2.2978484316317926,6.944769332731701,0.8274076478009967,1.4595103718939808,0.9495894922454702,1.8681755460321028,1.3068396983386892,1.335383268547861,2.3138550539199425,2.3464269570168406,2.049399068156501,3.944281188756718,0.866553669321375
0.5363881096749934,-0.9099447721460904,0.5690952044535469,0.3903155523104336,-0.06586787845700845,0.644944855006598,0.39354253544084744,0.5570017317443051,-0.11678098480503399,-0.4015295932949678,-0.2504137135768021,-0.8444243637007481,-0.11857377830111115,-0.16149227359400792,-0.37614552298215354,0.4085463916371976,0.14771626093933815,0.4816550918167164,-0.6824386852783734,-0.23809861728890958,0.5082936836740922,-0.6453146941981811,0.5019165867497355,0.33008671516006527,0.4770125343578314,1.242091259807099,1.0525735514623171,1.2558499359863078,0.1679775878946067,0.40524243546768113
-0.13145612354293335,-0.9933358117466452,-0.1488482314683922,-0.21154347399955256,-0.91616897935501,-0.5085738564249205,-0.5675298211445284,-0.6066449679356697,-0.07986665556001409,-0.5124542822408913,-0.9580734695485899,-1.2145297951330847,-0.8778334897079202,-0.6653146766835266,-0.593464758215363,0.2626305948057889,-0.23715247691283103,-0.516770770653053,-0.2659561068213826,0.41139176830497254,-0.3624513107484527,-1.0284846938160603,-0.28041517384803727,-0.39938703177080576,-0.19621941402650483,0.3686609791955648,-0.08079455094452552,-0.14001352800186784,0.7419882137175132,0.687520976182917
0.9280773435032289,1.418055083369402,0.9254048389384796,0.8285459251833678,0.3297341872919395,0.22374766241962665,0.9831877497237503,0.4439472165018743,-1.8665201910189753,-0.5559816918272671,0.4414324165632137,0.8081979464444194,0.44689582351888135,0.4190986890903552,8.389756834726143,3.3771781202762012,3.3746227776008038,4.43435805712854,0.15764583195111176,3.271082693312495,0.36592068695571384,0.3519097919868125,0.3860815880279699,0.24353898247335176,-0.33086580370337254,-0.4647211881128209,0.03031065892694534,-0.0722531656723447,-2.0407154723370122,-0.861166737468768
0.14469887584675792,-0.9724880518465064,0.15831524653586007,-0.009697055486372976,1.2057598513405763,0.5850412542831175,0.13770065794655026,0.5628581593356922,1.1161576119786298,0.11799110176821923,0.37638091030069787,-0.8631183728648877,0.47025001621267726,0.05663156788954724,-0.490870669492827,1.0609744947109672,0.36586905967472627,0.744314446075687,0.45665896520228466,0.4013538516415296,0.00895650677775122,-1.25773170213445,0.05936748906914302,-0.1404503458142302,-0.18780401467170038,0.35912571412338645,-0.0641762503227243,0.3764710115320525,0.37387270367890996,0.047726229231068486
0.8153610172217218,1.0520610762336333,0.8557811172575156,0.6906788763531875,1.6576778526355083,0.8789432953326933,1.889859784238256,1.8273372645021595,1.6034267580128916,0.16853906128788054,0.697685035155334,0.32467020941042957,0.5621760938371928,0.6317062268904485,0.4657498875146021,0.3174189016620267,0.549226335726939,-0.0740936638409834,0.07102694811247862,0.034412231389004254,0.9457295576493984,1.0101762015867595,0.852391711087386,0.8140475061020959,1.3143447701608504,0.6578973530516405,1.3526525798331275,1.0540746348272836,0.9650412558171749,0.052668849593787
-0.13709193985700854,-0.8890970122459516,-0.18529829752489685,-0.22654748547388448,-0.11314545397709361,-0.6804223110004048,-0.5112791479828122,-0.2858145868422849,-0.3567241248976633,-0.8452283490786628,-0.29677638931086037,-0.9997284398335985,-0.4331100330920209,-0.3012386335750423,-0.1574398811445853,-0.707905126647565,-0.42867913655152834,-0.08850789669665858,-0.17103130261466123,-0.7314436325625682,-0.2984866310633842,-1.1250959330359531,-0.3947651084836265,-0.35275723293551525,-0.18359631499429874,-0.7838347258617221,-0.5726962493498415,-0.3384761003358932,-0.5947702273972446,-1.030314189881789
-0.7401242854630689,-0.22891794874155832,-0.762765636172891,-0.7018632451984689,-0.16737561413248464,-0.8000423136951047,-0.7662575283013813,-0.7090051371416544,0.07517352726906966,-0.4605022127345733,-0.050586987157140384,-0.6731225297255096,-0.09124440387220106,-0.3058355533112606,-0.18863402974265356,-0.8102139037362539,-0.5996310523427828,-0.3856012516664085,0.29647335810344205,-0.8552446047450312,-0.6864014627018635,-0.5667157199175904,-0.7211821946252179,-0.6609731381157501,-0.5833277843474985,-0.9376703356928657,-0.915745455042738,-0.7417255454880327,-0.26720981592221615,-1.0429453308087357
0.2827763755416035,2.4025326342092868,0.19681306911239294,0.18167486445038653,-0.880015539251416,-1.0594997843286789,-0.5136229260312171,-0.5384048551316799,0.14161931991010526,-1.35913260419522,0.22040105550549452,0.7362979111977295,0.0871418764910479,0.11685121643400624,-0.03231668510122218,-0.6078326069815798,-0.2232342678395608,-0.3996951682364023,1.3157284432731147,-0.7478017189770679,0.1987871690689224,1.799440901654356,0.08015838627561347,0.08528027127478986,-0.7305972730565723,-0.9773370383931276,-0.566048929101121,-0.7370576094164433,0.5017772453024922,-1.2197813037859846
0.14469887584675792,-0.599544791410691,0.09442524311097551,0.030219276926471885,-0.6568375724580725,-0.6676927958466653,-0.4512044159000143,-0.5251642362294132,-1.4936854656442746,-1.2734818950091273,-0.6698341987058403,-0.3799501360071314,-0.6939813344588891,-0.46695759006570975,-1.174715727092703,-0.6268407950745603,-0.4317048341761524,-0.8710405826169815,-0.9351759764787694,-0.945214080024779,0.03371702794616501,-0.07874708792559017,-0.04161686879085817,-0.09205426672002717,-0.755843471120985,-0.2886366264465945,-0.1434692847181759,-0.5483826449744602,-0.7117560886383263,-0.9830847064158156
-0.4611513779163401,-0.599544791410691,-0.5207208155055403,-0.4918070845578245,-0.7472211727170586,-1.2038300223218144,-1.0364951372824598,-1.072281886908267,-2.20982345299766,-0.8269749192521177,-0.8452216852036729,-0.9028431423386839,-0.9046659664199409,-0.6345153144508645,-0.691899627124823,-1.2372272586015025,-0.8970571288433191,-1.3121161080006427,-0.7702441291695908,-0.8987422436199507,-0.6100565224325885,-1.0170223434001409,-0.6807884514812175,-0.5986234449761381,-0.9157360588622651,-1.289648753723875,-1.2085599119988755,-1.3079010173969368,-1.550934666607684,-1.2148386834232665
-0.3315276026926078,-0.7918074660453043,-0.3589480504233006,-0.40093373204347565,0.3227816026566336,-0.4346303492818745,-0.33241187586770565,-0.37773503729840546,-0.30873549687913765,0.2921007401137184,-0.7093682632852698,-0.8156643496020723,-0.8132367865123146,-0.5200520130190304,0.6241468420625716,-0.28581153811226423,-0.26983001125876993,-0.04206203527281619,0.6915978556139203,0.35859976214908756,-0.5275214518712097,-0.980997813521537,-0.5521819016183339,-0.5258526983089423,0.6789821188731324,-0.2899079951228848,-0.23653176820026273,-0.13700195634277784,0.7310695333350127,0.6578652540066082
-0.5090558165859803,-1.6326671153508998,-0.5346455598417331,-0.5413486318787312,0.4826910492686861,-0.6147155489568373,-0.5998492868646373,-0.29370803272632856,0.5366026428318172,-0.43101590301477055,-0.6137677071204677,-0.9918194359564626,-0.5950986887979239,-0.5255683167024923,0.3884577193216108,-0.7459215028335259,-0.4671054963842528,0.1325103404236945,-0.1401807412474768,-0.5626579227402314,-0.577042494208037,-1.6834761461543157,-0.6068322599896286,-0.5899686717074667,0.2666275504877271,-0.7997268343153527,-0.7108655488053888,-0.31302831981658347,-0.13150621688256184,-0.8869781993629627
-0.7852108159756715,-0.191855264474645,-0.7840623039811856,-0.7477245632898225,0.628695326610125,-0.3305478430248274,-0.5609919139568728,-0.5753258116860773,0.41847678924775444,-0.07156374643051164,-0.5886096660244671,-0.3727601324824624,-0.6840433801211037,-0.5081000217048629,0.5728497977013035,-0.4881928348669382,-0.3412364751998956,-0.08210157098302513,0.4649648855703729,-0.9459576294072561,-0.7895703009035868,-0.47337943795938897,-0.8390962830676308,-0.7144914299607994,0.6789821188731324,-0.6039360581666243,-0.5294886677331584,-0.4408695367449503,0.23192985870639782,-0.8803880388793388
-1.205924503821395,-0.870565670112495,-1.1837843766907195,-1.0251572282868997,-0.0651726199934771,-0.34552374320569745,-0.8042514040334178,-0.6206494686976824,-1.5748969899833187,0.8832310444964263,-0.5641704261026379,-0.0024749509620094444,-0.4430479874298064,-0.5759045878140818,0.6265730536201992,-0.26400802824090425,-0.6550013188734015,-0.7658166827705525,-0.2588367465058788,-0.09942665745690149,-1.0433656428798261,-0.47992935248277196,-0.9825534737922796,-0.8948286443957678,0.4096893395193981,-0.1786632359474711,-0.9001242524582449,-0.7441348028153046,-0.6384449489272488,0.4519227388933527
-1.2566468506480728,-0.2196522776748302,-1.2456266235955755,-1.0367641050877978,-0.44478374108122015,-0.7500602468414508,-0.7280169390905654,-0.8503232811946928,1.5665124287678716,0.2120664708742563,-0.1048564758070845,0.23839016711440197,-0.14838764131446755,-0.403749943692709,0.19990642112884202,-0.29363843909172666,-0.1551560712855214,-0.27220928653509713,-0.09746457935445219,0.056346938172083284,-1.0639994105201707,-0.04927247257036873,-1.0847258829212219,-0.8794620061432289,-0.36873510079999144,-0.6242779569872714,-0.6942472481835875,-0.7393162881607607,0.409748367792842,0.07573441128647113
0.17287795741713444,1.3856252346358535,0.1144932570072537,0.03757973538557808,-0.9113021701102954,-0.5710982396800532,-0.5852931916166494,-0.46507219659604915,0.09732212481608118,-0.8171461493455169,-0.3726099131859478,0.3013026979552555,-0.34317154633506247,-0.29618202186520226,-0.7449296797415392,-0.7503940176789331,-0.38722707909417997,0.17735462041912858,-0.20425498408701365,-0.42212708945203026,0.04403391176633749,1.0429257742036717,-3.5074377916407136e-05,-0.1001791559110248,-1.1008748446679577,-0.7298015571193782,-0.5356611793926845,-0.0782763089905245,-0.2952864226200761,-0.7853798919070902
0.1390630595326822,1.0613267473003616,0.1091690900551796,0.020877156574529612,-0.4253165041023614,-0.3105175765329137,-0.7090200012245472,-0.4828961066567927,-0.4748499784817261,-0.5559816918272671,-0.12462350809679926,-0.19121254348457042,-0.2924879792123567,-0.15022982024027334,-0.7126957261902019,-0.3892384439123047,-0.6371497028881201,-0.47673123494284403,0.0508554272185503,-0.32286324689131657,-0.038501158795041575,0.5222075695947588,-0.13369084213380011,-0.14027371778833891,-0.8694513624108416,-0.48188466524274176,-0.8642762039740737,-0.6811929551403255,-0.6072487192629603,-0.6261176802195055
0.11651979427638086,1.8767058011724542,0.1976321717204047,0.009836468885870158,1.254427943787723,1.0642700600709605,0.9301443517861671,0.6392463453103076,1.806455568860501,1.144395502014677,-0.1321709204255994,-0.3314176122156159,0.005650650921207071,-0.1780411846443937,-0.4565571060349518,0.9648154255347132,0.4581528372257575,-0.1093284552659672,-0.2196802647706061,0.6337130336656719,0.24005470434961157,1.835465431532961,0.4959763304050295,0.10612237832995772,1.4994835559665436,2.576392685573919,2.0354273310945605,0.8507935478387141,2.0381915562686963,2.7590280882021223
-0.24135454166740242,-0.560165689377096,-0.3012013165585013,-0.30836181219241027,-0.7931082313100829,-0.9866794696991982,-0.6532627550203899,-0.6104643772344005,-1.1725308012126014,-0.825570809265461,-0.40998757424286286,-0.5872019876057151,-0.4092589426813358,-0.35892997626458123,-0.3092514043218513,-0.788410393864894,-0.29282531320591215,-0.40449991252162715,-0.6646402844896132,-0.47045779931305176,-0.23864870490638448,-0.38004315600118754,-0.2542780459313308,-0.30789371435913726,-0.1920117143491032,-0.7711210390988177,-0.45256967628367845,-0.269812266508643,-0.6322057029943909,-0.4190768050256449
-0.5907751531400729,-0.3493716726090265,-0.6476817197472976,-0.5925887465363547,-1.322895180520449,-1.1929724946906834,-1.0726016549018333,-1.0934414144232354,-1.5933541546058287,-0.2695432545491857,-0.6227527217976107,-0.5530494708635375,-0.6964658230433356,-0.5361412320957942,-0.7608733556916631,-1.0205898207770931,-0.9405061467329193,-1.222267389866934,-0.6836252453309575,-0.7459428455208746,-0.6657676950615189,-0.6011027711653489,-0.7324686816801594,-0.6353620743615186,-1.2986367295058565,-1.1347324805178844,-1.2638656164682298,-1.3060940744014828,-1.1547425498712216,-0.7408963086426267
0.3306808142112438,1.3508789681356217,0.4298477610916195,0.21819406218979767,0.8581306195752448,1.255212787377054,0.9844213171176478,0.992414391799613,0.41478535632325186,0.3903884391797276,0.11581548466354918,-0.3691651307201279,0.3132303376756671,0.07364017091355476,-0.5861861235424803,0.3034422927701293,0.10565906395706488,-0.1205395252648258,-0.3252841094505836,-0.2953519197396582,0.8198635750432961,1.766691329037444,1.2444486298379787,0.6815764866836569,1.3437986679026654,2.279528099660101,1.707334595961285,1.320598726656741,1.740267562974742,0.8182258257747972
0.9703459658587935,-1.0164999894134659,0.9458824041387631,0.84864563866785,0.1816441345599085,0.2443395251683231,0.126475194662085,0.789221817107136,-0.2755126005586193,-0.15861856560326124,0.6955286316328195,-0.7097915477013214,0.8881409961165558,0.47816910770075954,-0.4496250730131588,0.2900247482339078,0.05452477410091987,0.3134890418338389,-0.13899418119489282,-0.0072265340297219035,0.7662157791784004,-1.0481344373862083,0.8167501730191508,0.607392715809331,-0.28037340757454704,0.18304115245716004,-0.1187792380800712,0.4653123754752052,-0.24225283219078558,-0.25651951309624865
-0.7767570915045587,-0.12699556700754644,-0.8082258309175202,-0.7341360245960881,-0.6067789630838648,-0.9840586871675459,-0.7957397890155264,-0.682523899337121,0.7359400207549252,-0.43101590301477055,-0.5073851333430938,1.3600307169627643,-0.45397973720137036,-0.5241892407816268,-0.13387096887048908,-0.6257226663632084,-0.5599944134602087,-0.26564280267862267,1.6301668572078798,-0.30985113269796466,-0.8122674453079661,0.03587641623360438,-0.8349381036263366,-0.7485806389578111,-0.8568282633786356,-0.9873808509358221,-0.9430944297803309,-0.7930728422755158,0.5548108357317827,-0.7645110503756133
1.0999697410825264,-0.599544791410691,1.0482702301401805,0.9474456387535438,-0.44408848261768974,0.3847385893639803,0.25291585253655685,0.3566100572042306,-0.3456498261241575,-0.6767351506797915,-0.38878293960480537,-1.1266320020440062,-0.47037736185871637,-0.10403077689127997,-0.9729935661585277,-0.5334770476766858,-0.07618536328283582,-0.2930298451044058,-0.8865270143228247,-0.49276428078736945,0.8425607194476751,-0.6387647796747987,0.7692281222615034,0.7222009326386448,-0.2467118101553304,0.09023123908795767,0.7363510310588998,0.5842694560092567,-0.10810904463434552,-0.08847042076383131
-1.1543567845476057,0.42662827922947133,-1.1760029019146119,-0.985240895874055,-1.02115300734814,-1.189228519645466,-1.0612034921822224,-1.1044667759322384,-0.6778787893293355,0.2485733305273446,-0.7967026059471004,0.22221265918389654,-0.8365909792061105,-0.6595685270132537,-0.416004712857463,-1.0871184791025248,-0.913577437873766,-1.2901744424314483,-0.708543006435222,-0.5020586480683351,-1.0701895408122744,0.4943704328703832,-1.1132391133758102,-0.8951819004475503,-0.8231666659594183,-1.153548736926983,-1.241938955819236,-1.3387696269026084,-0.8770961058590547,-0.17853594737336212
-0.864112244372726,-1.0674611802804719,-0.8844023734625748,-0.7845268555853532,-1.2825701896356698,-1.0289863877101562,-0.7571291295865414,-1.0513260612225641,-1.0285649171570246,-0.06735141647053954,-0.7952650035987575,-0.9513756661301994,-0.7973360595718579,-0.627849780833348,-0.9237761317037978,-0.5843519040431923,-0.3893450674314168,-1.1875130728704728,-1.0099292597915626,-0.0834403457336405,-0.7462393888588632,-0.91222371102602,-0.7903861810410421,-0.6825217572744828,-0.8484128640238311,-0.4100523350323317,-0.3134507596497426,-0.8904971854470746,-0.5011815384043794,0.4239145568379493
-0.1652710214273856,-1.1763328153145298,-0.18202188709285155,-0.2520259955246365,0.13436655903982334,-0.3998113813613515,-0.2696232955183337,-0.018455935931131054,0.2634366064186707,-0.6963926904929924,-0.4919309080984078,-0.7707268275728911,-0.40230237464488605,-0.38467272678740333,0.5329906078259944,-0.5893834832442753,-0.2540963836107253,0.25102736612591303,-0.07373337830277155,-0.5433256387958227,-0.24483883519848812,-1.0907088817881945,-0.22873494364909527,-0.3036546417377471,0.49805103274484197,-0.47743487487572517,-0.165785288410309,0.21234035611165225,0.10246550559960135,-0.618978339695579
-0.3568887761059467,-1.4172402630494663,-0.3720536921514823,-0.4261291475381083,1.2196650206111899,-0.26783626101743385,-0.6229169971305166,-0.3700962187009439,-0.9990334537610088,0.3005254000336626,-0.6669589940091545,-0.31524010428511046,-0.6229249609437231,-0.5453350715682307,-0.35153680575478824,-0.2785437014884775,-0.4008427184049879,-0.2358533881102275,-0.9968770992131385,-0.24330346296625038,-0.465620148950176,-0.7926877709742889,-0.4336737875414505,-0.5009481466582757,0.9482748982268678,-0.1862914480052138,-0.45019563333770685,0.01207084078217303,-0.8256223269129789,0.09166063245522951
0.9618922413876803,-0.02738960304021696,0.9499779171788195,0.8387373292036687,-0.4294880548835457,0.3210910135952824,0.18630321326610333,0.6708201288464821,-1.1356164719675816,-1.0825229368237397,-0.03477336132536854,-0.699545792678668,0.10950227375106514,0.009972832566932127,-0.2891485085586517,0.030618887200292516,-0.15545864104798376,0.29907480897816374,-0.5317455586002031,-0.410230299332394,0.8508142265038136,-0.013247942691764878,0.9533760689473872,0.6285880789162812,0.24979675177811825,0.5695372300494549,0.36505071430894126,1.1926069311454195,0.026034742922094543,-0.2850768751919531
0.3870389773519969,0.38029992389582906,0.45032532629190297,0.4183419133662607,1.122328835716897,1.01934235952835,0.7858169667001846,0.9236650244224589,1.0017231913190676,0.8453200748566813,3.461834950431627,-0.007867453605510994,3.257846207961498,3.130591795498681,0.4414877719383271,0.7685838366924741,0.383115536135083,1.5707304631343986,-0.02864409630457902,0.7634624009079527,1.4182428366132915,0.2831356894912954,1.47611862728151,1.5276247307027542,0.8220439079048046,0.9395055148499738,0.6988411525125484,1.4862351679066863,0.14302060416317613,1.1499305701172153
1.3733068323151794,-0.12236273147418236,1.289905499503526,1.3664255818103543,-0.9516271609950736,-0.4187184553396999,0.051967724070688864,0.19695874851728445,0.48861401481329164,-1.7101601008595357,1.0164733559003698,0.22401016006506397,1.1669006152914378,0.940849079151125,-0.8652004526696473,0.12118731281978752,0.2460514337396171,0.3247001118326975,-0.014405375673570963,-0.3998206079777125,1.2428558116703616,-0.0312602076310668,1.2117772199420953,1.1567058763311249,-1.2649751320866398,-0.1653138648464215,0.22213332896145074,0.10693534804350535,-0.10966885611755976,-1.013289608632427
-1.0190971930097978,0.17413874266112442,-0.9527974412315217,-0.9090884602779185,1.1362340049875097,0.5176497034692022,-0.29281436252360277,-0.45463247784618505,0.4000196246252445,2.1342930426080464,-0.2629927341248024,1.1551156165096983,-0.41074963583200363,-0.4685665119733861,1.717675051250412,0.6891966981864971,0.4127673728563979,0.6177895132314267,0.29054055784052224,1.1266862742480919,-1.0598726569921018,-0.5192288396230671,-1.0330456527222798,-0.8985378329394842,-0.09102692209145212,-0.3019859975476441,-0.6857006935780898,-0.803161607333467,-0.8240625154297643,0.3514227915180838
-0.6443154081237884,-0.11541347817413584,-0.6714356953796264,-0.6435457666378587,-0.49692812584602,-0.6298786478899682,-0.7624334693802998,-0.8811331828711211,-1.0359477830060286,-0.28779668437572986,-0.6633649881382973,-0.63303826007548,-0.7073975728148996,-0.5326935422936305,-0.48775125463302005,-0.44011330027881124,-0.3575752423728651,-0.7744652224839575,-0.5056412374433545,-0.3120817808453964,-0.6183100294887262,-0.15243362631364435,-0.6588095030058057,-0.5949142564324219,-0.1751809156394943,-0.40941665069418653,-0.6021343818798893,-0.6861620483778238,-0.5869711699811725,-0.21588019011389922
-0.486512551329679,-0.40728211677607856,-0.4273431181922475,-0.5308741333023109,0.6634582497866581,0.541985541263116,-0.1367680871955959,-0.5231272179367568,-0.009729429994475887,1.1794982516811086,-0.8268922552623011,0.436115264042799,-0.32975530797905206,-0.5715375140646746,1.0660639472018731,0.43649960942099236,0.49446120872124516,0.013993314721476224,0.17188455258212024,0.834099592243292,-0.7049718535781737,-0.4930291815295368,-0.5284208762395102,-0.6487858043292538,0.5401280295188631,0.0667109185765846,-0.15961277675078273,-0.6173476359676192,-0.5542151288336699,0.5342997449386552
0.336316630525319,-0.5022552452100439,0.46261186541207294,0.16412300197097948,2.617134532307825,2.354069463148397,1.9281003734490718,1.9266419062691595,2.15714169668819,1.8731285850897956,0.9072155774263103,-0.2846825893052674,0.5929837522843276,0.44047436586377,1.1180541948653202,1.1593698213099246,0.5313747197416576,1.5515114859934986,-0.18764314335083765,1.8211613974818477,0.29576587697854206,-0.5339661473006778,0.36826081899385177,0.08068794260161727,1.8655534279005261,1.2579833682607298,0.8023494249569104,1.629284821713457,0.5407725323828527,1.935258027749098
-0.31743806190741924,0.31080739089536724,-0.34379465217509064,-0.3847973423446663,1.2266176052464968,-0.5008987075822247,-0.7048258720852965,-0.5623398200703927,2.6813251719674716,-0.24567338477601178,0.04824817429143341,0.18806014244171898,0.0026692646198715414,-0.12678552958556027,0.03215122200145224,-0.7671659483492099,-0.38662193956925517,-0.008428825276240686,1.0784164327563108,-0.82847682697585,-0.4408596277817622,-0.29653174582806036,-0.4924823253540394,-0.4705681262049803,-0.10365002112365822,-0.9020720127567334,-0.915413089030302,-0.7790690340607477,0.4440642204235589,-1.0715026929044402
-0.1060949501295944,1.0034163031333094,-0.1377903462602387,-0.18493258572432275,-1.0726021336494096,-0.6472881318502296,-0.51226600189793,-0.6389826333315902,-0.15000388112555127,-1.1695777559964902,0.10036125941886302,-0.2882775910676019,-0.019194234923256486,-0.008414846377940748,-0.8918887798035501,0.08540719405653015,0.043632262652273386,-0.24225971382386063,0.6595607341941518,-0.250738956791023,-0.2654726028388327,0.06862598885051703,-0.2792271225790959,-0.31283929908409225,-1.619263444923897,-0.6878463908017937,-0.6553129438696533,-0.8076789648221018,-0.3873153001297271,-1.1341092174988703
-0.13145612354293335,-0.07140154060717682,-0.1001116262917176,-0.22654748547388448,-0.3676100516293164,0.2256196499422355,0.09958342547512415,-0.01056249004708734,0.12685358821209688,-0.11368704603022971,-0.6554581752224115,-0.579472733816696,-0.5285143947347613,-0.4812080412479863,-1.0204779923578096,0.1647943325625073,0.13379805186606783,0.18536252756117033,-0.5471708392837952,0.07233324989534445,-0.23864870490638448,-0.06892221614051655,-0.1782427647190947,-0.30789371435913726,-0.7348049727339746,0.40870909249871357,0.43722161986647795,0.39152886982750207,-0.26097056998935914,0.24872612398160623
-0.8077540812319729,0.12086113402743642,-0.7447453787966415,-0.7395148211623579,-1.0885930783106155,0.2892672257109334,0.052337794288858076,0.1870282843405844,2.884353982815081,-0.04067332672405119,0.28689016411635304,1.2360031561622244,0.004656855487428414,-0.12908398945366945,3.0555574244564547,3.213372264063164,1.4741820995744872,3.7296622286288628,1.6325399773130476,1.0244482341574694,-0.9154362835096894,-0.5880029421185842,-0.8652334109843373,-0.7869089205762128,-1.2355212343448247,-0.4329369712055598,-0.5665237376903154,-0.3246228707040795,0.06814965296888358,-0.7562733497710832
1.0717906595121494,1.1678819645677374,0.9540734302188766,0.9726410542481763,-0.5080522612625101,-0.606104406352837,-0.38866254902942193,-0.027877145534666834,-1.0174906183835188,-1.0558448470772512,0.051842180162290634,0.3875827402512835,-0.05099568880416998,0.12673459386687544,-0.5130531751625644,-0.7520712107459607,-0.4855622518944591,-0.49018451894147436,-0.7393935678024064,-0.37565525304720176,0.9539830647055368,1.4359206456066245,0.8226904293638563,0.7716567798881955,-0.027911426930420487,-0.4564572917169329,-0.3129759510605483,-0.016539089979181142,-0.6353253259608194,-0.24059329192749027
0.7110984154113279,0.44979245689629166,0.7411067521359282,0.7056828878275193,1.129281420352204,0.8059357819509514,0.7895176688818765,1.0991032248774926,0.6694942281138895,0.09552534198170201,1.4376908439648366,-0.5674294779128755,1.285659169627974,1.4320299529660432,-0.3037057779044167,-0.3534583251490475,-0.1469866876990367,-0.04526519812963305,-0.6812521252257894,-0.3570665184852703,2.0970937919806305,0.92338983415194,2.0671741335797513,2.3524776116149013,2.0338614149966108,0.6699753554763999,0.9286485096825995,1.4275095205544328,1.0945056089239722,0.6468816532005683
1.2211397918351459,-0.2127030243747837,1.1957086995822215,1.1880760114550903,0.2004161130752359,0.049652822817012096,0.5551398640413922,1.0036179924092232,1.1752205387706611,-0.33694053390873346,1.0527728151960278,0.46307777726030797,0.9512470061614934,0.9263687819820373,-0.1570932794934956,-0.48372032002153104,-0.12731965313898083,0.4191934161087906,0.3890250422049955,-0.0023934630436197504,1.368721794276464,0.2880481253838325,1.3305823468362143,1.2715140931604387,0.3213276462939543,-0.27655862402183523,0.1983928995017347,0.7453885397705674,1.2224101505475544,0.1059393135030825
-1.5218120082253168,-0.8358194036122637,-1.4770231103587788,-1.2015251367493276,1.3309063747760965,-0.38633307119856847,-0.5819625596531267,-0.7459260936960518,-0.6077415637637984,1.9250806545961137,-0.8635511151450448,-1.1341815057449085,-0.7521183673349341,-0.720109959939248,0.46332367595697455,-0.16840802342032618,0.00974444925648503,-0.18940752668638508,-0.3964777126056247,0.016567046209550188,-1.375981977242182,-1.0317596510777516,-1.2748140859518118,-1.057503056241611,1.6930377411270403,-0.10174543103189929,-0.13444792152348375,-0.14603667132004763,0.022915119955666044,0.9796847576235899
-0.7119452038926923,-0.24976570864169703,-0.738192557932551,-0.6868592337241372,-0.7493069481076506,-0.8255013440025838,-0.6763304652862692,-0.7833563048236133,-1.0987021427225616,-0.5658104617338671,-0.8092816264951006,-0.8120693478397379,-0.7774601508962871,-0.6299183947146462,-0.07460208653415948,-0.4546489735263845,-0.3469853006866812,-0.6543466153533308,0.09713126926932679,-0.36933508329614506,-0.727668997982553,-0.3112690535056711,-0.7342507585835709,-0.6853478056887429,0.08569646435943669,-0.4551859230406426,-0.4174338406832988,-0.4791164968153922,0.465901581188561,-0.2872735953531611
1.2295935163062581,-0.4443448010429919,1.203899725662335,1.1682593925267277,0.37144969510377956,0.5438575287857251,0.7475763774893689,1.102413379603059,0.06779066142006547,0.6108337070849179,1.385577758837407,-0.3098476016416089,0.9855329486268533,1.2750451439741906,0.3638490020942458,0.39121539661124494,0.365566489912264,0.6642353746552692,-0.5044546773907705,0.5552685738143215,1.3315810125238436,-0.49794161742207393,1.1583149128397423,1.2662152523837011,0.38023544177758317,0.35912571412338645,0.37692092903879926,0.7770100421910113,-0.6259664570615331,0.5815292284046286
1.6917304540604352,2.0411714626068824,1.6093555166279476,1.7146318858372984,0.13506181750335372,0.014085059887445654,0.684664440400607,1.2572267698449462,-0.22752397254009366,-1.0235503173841352,1.2892584014984332,2.2390086478535487,1.1604409449718773,1.350204781661359,-0.4004076385584288,-0.051004508728388145,0.2188201551180014,0.8324014246381464,-0.17103130261466123,-0.4697142499305746,1.5255384283430837,2.018863038187672,1.4137459356620978,1.4975979663012413,-0.6548586788633346,-0.3827179084920872,0.22593179767500543,0.7243075381569378,-0.5292581451022392,-0.9605683247634333
-0.1680889295844232,-1.968547691519802,-0.1635920784125963,-0.27212570900911837,2.311220808354332,0.038420897681359464,-0.24334831002832158,0.43350749775201,2.1755988613107,0.5322035478321105,0.011948714995775437,-0.36557012895779345,-0.10714513081265781,-0.17574272477628455,2.2445095609066774,0.18156626323278408,-0.6247443426271617,-0.5355092733654309,0.6287101728269674,0.8932117681502338,-0.4573666418940379,-2.1992819148706917,-0.4764436332233332,-0.49035046510480057,0.5443357291962658,-0.7278945041049426,-0.8951387622717045,-0.6117762283983029,-0.3140041604186488,-0.6563225824361162
-0.3540708679489091,0.023571587826788584,-0.378196961711567,-0.41367298706885186,-0.312684633010394,-0.44586227441752707,-0.8700005461281431,-0.7036579641234313,0.17484221623062254,0.11939521175487594,-0.1447499409735997,-0.805418594579419,-0.1344745052415679,-0.31709800666499527,-0.35153680575478824,-0.644171790100513,-0.7625346124525374,-0.8137039674799623,0.2146007144751448,-0.5143272128792098,-0.3810217016247629,-0.2523198227952282,-0.36417278830839084,-0.4525520675640727,-0.4528890943480336,-0.554352679791297,-0.9621817350659426,-0.7658181187607521,0.6265621639596459,-0.35756864051181936
-0.5485065307845078,-1.2411925127816281,-0.60017376848264,-0.548992184893957,-1.2874369988803844,-1.3202676462280791,-0.9531429884768202,-1.1072167506273245,-0.5191471735757502,-0.8606735589318926,-0.7025396521306412,-1.1104544941135008,-0.7103789591162352,-0.5625735205790491,-0.5480599419226191,-1.0832050286127934,-0.6365445633631952,-1.0460934327420148,-0.07729305846052387,-1.045147117029722,-0.7111619838702773,-1.547565419794128,-0.7663281428449833,-0.6535547610283174,-1.349129125634682,-1.265556317308171,-1.1051466012723525,-1.4482402567105268,-0.9644455489190621,-1.290076348944643
-0.4780588268585662,-0.5647985249104601,-0.5448843424418749,-0.5039801504709617,-1.4104977469253126,-1.2749655481809472,-0.9261278625504696,-0.8032172331770132,-1.2611251914006496,-0.9842352377577315,-0.10413767463291293,1.7662659161065628,-0.18913325409938786,-0.20998977681111036,0.14999578337193267,-0.8023870027567913,-0.6750011801721658,-0.061281012413716515,1.6503383781018075,-0.29758256788709,-0.7008451000501048,-0.935148411857859,-0.7615759377692183,-0.6486091763033625,-2.022781843986759,-1.3049687462731747,-1.1943631351819652,-1.3006732454151209,-1.575891650339115,-1.3477402531763547
-0.5823214286689595,-1.551592493517027,-0.6169653719468724,-0.5852282880772486,-0.19101440189252772,-0.9404413778907618,-0.8484131167349406,-0.7359956295193517,-0.8255361063094151,-0.49841318237431925,-0.8071252229725864,-0.8787566305310426,-0.843050649525671,-0.6216439391894534,-0.483938636471034,-0.8583493447599484,-0.7239267107623354,-0.8503801821905137,-0.6848118053835415,-0.45781745981093835,-0.6513240577132776,-1.229894565410074,-0.6926689641706295,-0.618759039927741,-0.19621941402650483,-0.8213401018122901,-0.8905331189565197,-0.6692972470869202,-0.6197272111286752,-0.2680522939425911
0.3954927018231097,3.2711892967150686,0.48308943061235643,0.253580881704731,0.7260315115044187,1.1466375110657459,1.0683038999026633,0.9027855869227307,1.02387178886608,0.5448405377120269,-0.59256307248241,0.10897010367036002,-0.4793215207627233,-0.3970844100751926,-0.5473667386204397,0.02335105057650579,-0.10220636285460195,-0.21823599239773545,-1.2428509981138056,-0.14961624077411625,0.452582511045161,3.8675764124123972,0.5613191501967949,0.26826690609812703,2.362061989833975,1.93244445103281,1.4072555675904748,1.3055408683612912,0.9369646491193159,2.00665143298836
-1.2228319527636207,0.11622829849407236,-1.220234442747224,-1.0214769990573467,0.45488071072745967,-0.9292094527551091,-1.0074322894822398,-1.0337313157197445,-1.7114800081898915,0.8818269345097696,-0.2579611259056022,1.484058277763305,-0.36553194359507973,-0.46534866815803333,1.4577238129331755,-0.5877062901772475,-0.8157263766934267,-1.0142219623166886,-0.2861276277153109,0.7084397466046359,-1.109393699328929,0.060438595696288726,-1.1462075360889281,-0.913197959088458,-0.023703727253018843,-1.002319432882235,-1.2032895366588185,-1.3685841863275985,-1.5244178713930392,0.3305539499866069
-0.6358616836526756,0.486855141163205,-0.6173749232508783,-0.6322219843930801,-2.0668217364982597,0.07024468556570827,-0.00897050518783709,-0.6282882872951441,-1.7151714411143941,0.4914843582190502,-0.5418875897033231,0.6050803468725204,-0.45348283948448104,-0.46098159440862607,-0.024344847126160415,1.9839897459318705,1.0396919206784845,0.632203746087102,0.37004008136365113,1.9196816906600844,-0.7235422444544842,0.3699220569261144,-0.7095986947530413,-0.6639758145559014,-1.581814917795018,0.556187858948405,0.2273562234425882,-0.4095491914904152,-0.945727811120489,0.8599635088377503
1.2183218836781078,0.5725625985304423,1.1588490822217115,1.1880760114550903,-0.10827864473237891,-0.10403735278916736,0.33063059835208586,0.5076040381473872,-0.449009948010213,-0.7511529799726258,0.6797150058010478,-0.027639963298350938,0.44639892580199214,0.6448074481386704,-0.31999605550563026,-0.6106279287599593,-0.11249373477832346,-0.3899255215231113,-0.652774683963773,-0.5786442344634923,1.284123346951051,0.8955526974275644,1.1345538874609182,1.248552449794576,0.6032435246798947,-0.15832133712682395,0.5820382395707457,0.34936686660024335,0.30836062138390463,-0.42621614554957143
-0.8584764280586508,-1.0952581934806567,-0.8884978865026318,-0.8000970561719238,0.3297341872919395,-0.8464676042558019,-0.8001806316335567,-0.57812671183848,-0.9141304964974633,0.5715186274585142,-0.71691567561407,1.0562530680454996,-0.7406897198464808,-0.48764372887869184,2.7852081366065287,-0.2198419441425086,-0.5366965417506041,0.6802511889393525,1.2338557996448172,0.3805344689321666,-1.020668498475447,-1.4902536677145304,-1.051163434573633,-0.8595030392175174,-0.44447369499322914,-1.0806993117755406,-1.1135981941600113,-1.0787204141401943,-1.5743318388559002,-0.5893226175192703
-0.38506785767632323,-1.405658174216056,-0.3937599112637823,-0.42811080943094454,-0.5504630275378807,-0.4336943555205702,-0.591831098804305,-0.5870386668688518,-0.7849303441398936,-0.17125555548317656,-0.2885101758078887,-1.0029639414196996,-0.25919583218077535,-0.3474376769240356,-0.14912144151843382,0.14187269397979557,-0.02716906176392738,-0.1429616652625427,-0.36918683139619257,0.23442701527538592,-0.43466949748965894,-1.5590277702100475,-0.45624676165133277,-0.46685893766126413,-0.5370430878960752,-0.20091218778255387,-0.46064142229998195,-0.46059533111198914,-0.5417366369679542,-0.07309337963537473
-0.5400528063133945,-0.3285239127088878,-0.556761330258039,-0.5574850215775409,-0.2466350789749805,-0.5783989910182274,-0.5498898074117973,-0.7196994831781005,-0.43793564923670625,-0.48577619249440396,-0.553747809077152,-0.7887018363845637,-0.4937315545525121,-0.4993658742060483,-0.3782251328886914,-0.6296361168529397,-0.3711908816836729,-0.7200114539180734,-0.12356890051130037,-0.6697290338169561,-0.41403572984931436,-0.3079940962439799,-0.40248744173174433,-0.4566145121595714,0.19509665597189105,-0.22506819263207228,-0.15486469085883964,-0.39765348343701007,0.4783800730542759,-0.5031013511918536
-1.2366397027331055,-1.7299566615515471,-1.2558654061957173,-1.0384626724245147,-0.23342516816789818,-1.1536607567158996,-1.0916726068114855,-1.2358289930799187,0.3298823990597063,0.22470346075417066,-0.7474647255163563,-1.2966755854024279,-0.8196964568318752,-0.6443986918837337,-0.30647859111313397,-1.089410642960796,-0.9763304066084671,-1.8550522122310757,0.27867495731468167,-0.2012929228562854,-1.1712950022499633,-1.9356478553045442,-1.2139264584185758,-0.9541756610952286,-0.36873510079999144,-1.1465562092073855,-1.3005778165847348,-1.7271117923422528,0.3021213754510468,-0.12910974374618076
-0.38224994951928565,2.314508759075368,-0.43225773384031574,-0.41735321629840494,-0.9106069116467649,-1.128950521417464,-0.8453291982501974,-0.8541426904934235,-1.013799185459016,-0.877522878771779,-0.5961570783532673,0.268947682094245,-0.6909999481575535,-0.49499880045664096,0.6622730236824332,-0.7162910919827035,-0.5745177620584038,-0.36478069309709993,-0.1722178626672452,-0.7567243115667949,-0.5006975539387619,1.6504303462474035,-0.5732698116420402,-0.5094262919010557,-0.36873510079999144,-0.9281350706206875,-0.8897259443548893,-0.7486521603039396,-0.7866270398326184,-1.044592870929642
-0.4245185718748507,1.049744658466951,-0.43225773384031574,-0.4499090902521436,-1.1699383185437024,-0.5121306327178773,-0.4208586580101411,-0.7174078375988621,-1.1060850085715659,-0.3411528638687056,-0.5817810548698383,-0.27210008313709644,-0.7069006750980102,-0.5007449501269138,-0.6083686292122178,-0.12312381061057878,-0.06378000302187752,-0.463117792801373,-0.8034678106419433,-0.13177105559466218,-0.43260612072562454,0.8824528683807991,-0.4969375176125686,-0.45767428031491897,-0.39818899854180584,0.5911504975463923,0.5563985757542524,0.04971548652079679,-0.13306602836577608,0.6584144340469108
-0.041283062517727995,0.04210292996024567,-0.032126109826775995,-0.15803860289297345,0.7051737575984982,0.19941182462571286,0.29732427871685924,0.4098271600998796,-0.5339129052737586,0.3960048791263564,-0.6683965963574975,-0.4746784324446453,-0.6288877335463944,-0.4929301865753427,-0.5581113898042187,-0.40433318151555403,-0.31521547562812946,-0.32281925967280095,-0.971959338108874,-0.3403366573795321,0.15339288026016365,0.7989414582076718,0.19302325682502672,-0.024405732803677714,1.2259830769354065,0.6636185120949476,0.6314183328469549,1.0239589182363844,0.41754742520891414,1.188373172938356
-0.46678719423041526,-0.1941716822413266,-0.4429060677444628,-0.4909578008894663,0.2636846332565269,0.059012760430055905,-0.10420190799670767,-0.2628981310499003,0.4110939233987503,0.15590207140796422,-0.038367367196225764,-0.31164510252277594,-0.18416427693049522,-0.2299863776636597,0.00996871633171481,-0.3372454588344466,-0.1590894781975326,-0.19421227097160995,-0.3086722687144076,-0.06522338586294775,-0.27372610989497037,-0.20974537839324134,-0.3371446219399789,-0.36247177435953415,0.4391432372612131,-0.0928458502978661,-0.0323640748467049,-0.19873917535412097,0.16017853047853461,0.19984910039472667
1.815718412970093,-0.38643435687593986,1.6789792383089122,1.8986433473149518,-0.7729457358676938,-0.44941905071048366,-0.01970254151474343,0.5508906768663357,-0.0060379970699743065,-0.835399579172062,0.4913890981681292,-0.8690501257727395,0.26354056598673975,0.776509198581323,-0.5889589367511976,-0.6743612653070113,-0.4135506484284086,0.291066901836122,-0.7749903693799269,-0.08529921918983371,1.7937774076675637,-0.4111552499872549,1.5266108062115111,1.8950110245565586,-0.3519043020903831,-0.4183162314282197,-0.15344026509125658,1.0736498506113679,-0.2516117010900719,0.28332446652063353
-0.6443154081237884,-0.17100750457450628,-0.5723242798102542,-0.6078758525668059,1.0458504047285238,0.9163830457848686,0.41081247895540957,0.08364960598827154,1.7990727030114968,2.1581629123812203,0.27215474004583845,-0.33681011485911744,0.30180169018721376,0.01617867421082682,-0.47596679849597195,0.5030282677464237,0.29597544454591257,-0.18300120097275166,0.2739287171043458,0.7084397466046359,0.10799859145140565,0.36009718514104083,0.3563803063044402,0.009860104219225348,1.3269678691930578,2.066573846381452,2.002190729850958,0.6008331001342511,2.8851691916541267,3.094027912786352
-0.9204704075134796,0.4729566345631128,-0.9581216081835952,-0.8346345920184987,-1.498100313330176,-1.13026091268329,-1.0916726068114855,-1.2358289930799187,-0.5634443686697743,-0.44084467292137147,-0.3251690356906323,0.1557051265807085,-0.3739792047821973,-0.4510982169757568,0.9201446520931315,-0.788410393864894,-0.9763304066084671,-1.8550522122310757,1.1413041155432637,-0.5700934165650039,-0.9567038187903786,-0.1884581561922482,-0.9896817814059267,-0.8315958111266996,-1.349129125634682,-1.1374023547380945,-1.3005778165847348,-1.7271117923422528,-0.707076654188683,-0.9852814265770236
-0.4414260208170763,-0.08530004720726901,-0.40891330951199223,-0.479917113200807,-0.5741018152979237,0.021573009977880652,0.17890180890271956,-0.1177605776981311,-1.0359477830060286,-0.1094747160702576,-0.1673921779600001,0.4684702799038095,0.17111759064533505,-0.29434325397071504,1.015113504491695,0.9620201037563337,0.9210845737932252,1.293656876019753,0.7082096963500967,0.16490514801376271,-0.6038663921404852,-0.5716281558101275,-0.5459446324563928,-0.5929713481476181,-0.9493976562814816,-0.33186316144046957,-0.16673490558869755,-0.3320012212688499,-1.2327331240319424,-0.6579701225570224
0.48566576284831503,1.045111822933587,0.48308943061235643,0.3605906239178896,-0.8236996037054318,-0.04581854083603486,0.13424666924363782,0.12999177214620494,0.12316215528759532,-1.2973517647823012,-0.012490524926053799,-0.25053007256308946,0.01757619612654963,-0.08541325195959623,0.9859989658001643,0.3420177333117662,0.5519494635891006,1.3352979931583704,1.1140132343338311,-0.2823398055463063,0.1121253449794745,0.2847731681221413,0.1365908215503201,-0.011688514939507485,-0.8021281675724078,-0.38144653981579685,-0.19807227247552278,-0.042137449081445524,-0.15958282358042178,-1.1527813388691392
-0.18781428668368644,-0.1594254157410957,-0.18284098970086274,-0.29505636805479524,0.809462527128098,0.20877176223875665,-0.5734509446352355,-0.4332437857732927,-0.3345755273506507,0.07727191215515884,-0.7438707196454991,-1.0975124877690967,-0.7078944705317888,-0.5568273709087762,-0.8703994774359918,-0.5988875772907655,-0.51975263505271,-0.6748468576369578,-0.8165199712203676,-0.7340460554012387,-0.1953177928616609,-0.12459648958926822,-0.16339212385732982,-0.2884646315110995,1.2722677733868293,0.38137466595846925,-0.04043582086300825,0.42164458641840125,0.9463235180186023,0.15316879696905586
-0.7936645404467844,-0.09224930050731553,-0.8233792291657301,-0.7395148211623579,-1.0058573211504656,-1.0415287041116348,-0.6341424604149819,-0.668010144001944,-1.0987021427225616,-0.835399579172062,-0.4818676916600074,-0.49337244160878485,-0.5150981563787509,-0.5090194056521066,0.8172039617195058,-0.8903837323401773,-0.352128986648542,-0.41923446166298406,0.16713831237178395,-0.6005789412465714,-0.8184575756000694,-0.3407436688608925,-0.8732527570496902,-0.7355101650418585,-0.1331039188654732,-1.0229791738719545,-0.6149542137881361,-0.6789342763960079,-0.7975457202151194,-0.9583716046022254
-0.20472173562591256,-0.5763806137438706,-0.26311304528597373,-0.29137613882524227,-1.1462995307836603,-0.8552659456120631,-0.8226315582024873,-0.860762999944557,-0.6040501308392957,-0.7876598396257151,-0.8926625626989882,-1.08744648283456,-0.9101318413057229,-0.6223334771498861,-0.876984908806695,-0.7067869979362132,-0.5373016812755289,-0.976744956891933,-0.8912732545331608,-0.6273467190157526,-0.3232471522317976,-0.6911640958618591,-0.4051605570868617,-0.3879062100878744,-0.45709679402543524,-0.5390962556758118,-0.6529389009236817,-0.6750192332391911,-0.2656500044390019,-0.441593186678028
0.24332566134307607,0.6188909538640838,0.23039627604085816,0.10863646897156427,-0.7444401388629359,-0.002762827816033418,-0.24556873133733667,-0.2488936302878874,0.4812311489642874,-0.4899885224543751,-0.3169028221876608,0.21322515477806048,-0.27708414998878916,-0.27089896331600194,-0.8579218179967646,0.16423526820683146,0.02578064666699195,0.060439176145318615,-0.16153882219398907,0.09426795667842348,0.09561833086719912,0.9217523555210947,0.0831285144479667,-0.028291549373285138,-1.0293439501521215,0.5218609046885633,0.17797613016637906,0.24245607270255143,0.39259044147748356,0.4749883005860368
-0.3540708679489091,-0.7477955284783444,-0.3900739495277317,-0.40518015038526767,-0.11175493705003185,-0.7573609981796249,-0.6105813231915438,-0.8246059252499057,0.7248657219814193,-0.6921803605330212,-0.6191587159267535,0.0029175516814925035,-0.6567140056921936,-0.5069507917708084,-0.48740465298193036,-0.1879752758689825,-0.19297729159332105,-0.8412511680485861,0.653627933931232,-0.5964894196429464,-0.4945074236466583,-0.37349324147780516,-0.5385193120255104,-0.5044807071761007,-0.2761657078971454,-0.4551859230406426,-0.3547591069096485,-0.8567675828652676,1.0804673055750422,-0.7271668076350762
1.2746800468188608,-0.4258134589095348,1.3021920386236958,1.1909069570162851,0.9763245583754573,1.2346209246283577,1.343389428741758,1.3333603285329798,0.34464813075771467,-0.2990295642689875,0.7983171995393363,-0.9959536879831472,0.708264022602639,0.7185880099049733,-0.21844177173636337,0.8272855940384433,0.7041420541076863,0.8596283089210884,0.45784552525486866,-0.08418389511611785,1.346024649872085,-0.7533882838339933,1.2830602960785669,1.207928003839588,1.5036912556439452,1.631130074751975,2.186891271047549,1.853646910315656,1.3846305448018545,0.4387424179261041
0.3250449978971681,0.6883834868645464,0.2873239072976463,0.15647944895575408,-0.3676100516293164,0.04778083529440328,-0.42863013259169397,-0.404980156962685,-0.3198097956526434,0.07727191215515884,-0.7237442867686987,-1.2973945857548947,-0.7570873445038268,-0.47730065947220074,-1.259633131609667,-0.6257226663632084,-0.43957164800017473,-0.8926619319004944,-1.0324739007906591,-0.44108759870520015,0.31020951432678334,0.3453598774634301,0.19005312865267351,0.15893415807144204,-0.08681922241405048,0.4926194251338831,0.4229773621906483,0.11898163467986493,0.4113081792760563,0.7611111015833876
-0.6809482141652777,-0.5207865873435003,-0.7054284536120969,-0.6653440474590576,0.13089026672216944,-0.7719625008559733,-0.6218067864760091,-0.41109121184065417,-1.0987021427225616,-0.23444050488275414,-0.5810622536956668,-0.8122490979278546,-0.5593220531818962,-0.515684939269623,-0.006668162920588411,-0.919007827350783,-0.3778474164578457,0.04282178043282658,-0.1722178626672452,-0.7771719195849195,-0.6781479556457258,-0.7419259334180738,-0.6825705283846293,-0.6387180068534523,0.005750170488796153,-0.9433914947361729,-0.5783939524201733,-0.0722531656723447,-0.5292581451022392,-0.7079455062245055
-1.0190971930097978,0.8458998949989279,-1.0261071246485367,-0.9090884602779185,0.39230744900970005,-0.6491601193728385,-0.7838975420341125,-0.7584028307385723,-0.43793564923670625,0.41285419896624287,-0.4311922088809206,-0.13369251528721846,-0.28751900204346387,-0.4536265228306769,1.1249862278871134,-0.5988875772907655,-0.4132480786659461,0.14692457327936995,1.6871217397319118,-0.6656395122133312,-1.1073303225648947,-0.27851948088875844,-1.107892882665575,-0.9192033119687605,-0.7516357714435828,-1.0569247175289094,-1.1031524051977364,-1.2565537206094537,-1.0673931068112137,-0.8836831191211512
1.8354437700693567,-0.48372390307658686,1.7567939860699897,1.9241218573657037,-0.09715450931588779,0.09270853583701354,0.7919848036696711,1.0407935762502027,-0.8956733318749533,-1.1007763666502839,0.7436883103023065,-1.0063791930939174,0.6218038198639053,0.8440839187037309,-0.2472097087768041,-0.3461904885252608,-0.1651408734467805,0.11809610756801932,-0.9090716553219209,-0.7623009319353744,1.8721857247008737,-0.45045473712754996,1.7642210599997488,1.8773482219674333,1.0113903933878994,0.33751244662644886,0.6741511058744438,1.4531078796566972,-0.34676020156615234,-0.7310110679171904
-0.7288526528349185,-1.1578014731810733,-0.7066571075241139,-0.7146025002238449,0.2768945440636092,0.17507598683179904,-0.26061825354288354,-0.5753258116860773,0.016110600477037218,0.7301830559507856,-0.4613818581961213,0.9897455354423115,-0.6159683929072733,-0.4467311432263495,1.8112574970446167,0.8932551880081985,0.703839484345224,0.5377104418110088,-0.2398517856645344,0.6508146694626488,-0.8329012129483108,-1.021934779292678,-0.850085757305337,-0.7512300593461798,0.09831956339164279,-0.2581237782156239,-0.44734678180254095,-0.6854091554630513,-0.9082923355233431,-0.13844580443131524
-0.8443868872734622,0.6953327401645929,-0.836075319589906,-0.7839606664731142,-0.013723493692208596,-0.3876434624643946,-0.4965996959954345,-0.6611352072642287,0.7986943804714591,0.407237759019614,-0.4556314488027496,0.44869777021096996,-0.43410382852579943,-0.5159147852564339,-1.1885797931362891,0.3000879066360739,0.06602242507449091,-0.21503282954091857,1.0321405907055339,0.3574844380753715,-0.882422255285138,0.38302188597287984,-0.8791930133943962,-0.7886752008351253,-0.9872669533781006,-0.4717137158324183,-0.5579771830848176,-0.7614513398550715,0.4019493103767699,-0.1944621685421205
-0.4696051023874529,1.0659595828337256,-0.3249552921908301,-0.5079434742566342,1.581199421647135,2.563732065680578,1.7122260795170468,0.9394519161905464,0.7986943804714591,2.781587746457044,-0.3923769454756626,0.6859678865250465,-0.4117434312657821,-0.37593857928858865,0.07790263994528587,2.6291500123818534,1.3664672641378737,0.4384123932496906,-0.30036634834631937,2.349081459040699,-0.24896558872655697,2.416770345483162,-0.2896225711823311,-0.3033013856859647,2.2358309995119114,5.121037091169241,3.9460570940125055,1.6006748909521031,2.2690436557844302,6.790009584018921
-1.4789798042383444,-0.9145776076794544,-1.4401634929982685,-1.1729325865812614,-0.8987875177667434,-0.480494043585789,-0.5093054401525765,-0.6295614237280542,0.42955108802126024,0.5041213480989665,0.4719814664655003,-0.031234965060685436,0.7003136591324106,-0.23251468351857973,1.3884034827152463,0.21511012457333778,-0.003871190054322809,0.5569294189519092,0.9431485867617324,0.15338013258536504,-1.3031447774717655,-1.3461555482001144,-1.2513500733902234,-1.0264165236847507,-1.290221330151052,-0.8111691524019666,-0.8523110275263769,-1.010056580312944,-0.7445121297858289,-0.5245193727636324
0.4321255078645996,0.8713804904324307,0.7492977782160417,0.3345459247548985,1.0458504047285238,3.9078191069136685,2.8261374362062965,2.2703887431549283,2.515210690364882,2.586416458311685,3.181502492504763,2.2228311399230436,3.603687018916432,2.2571770456172167,1.884043843773443,1.9459733697459096,1.5144238779819859,2.988130027275794,0.3498685604697228,0.847855255819121,0.733201750953849,0.9364896631987054,1.0781214521862117,0.6056264355504185,0.7673438120985774,1.683256190479883,1.6342140732253596,1.980132919997432,0.5704089505639269,0.9906683584296305
1.5282917809522512,0.8736969081991132,1.5151587167066443,1.4683396220133624,0.3575445258331668,0.5457295163083337,1.1978284762618783,1.3639156029228257,0.647345630566877,-0.5307077120674355,0.732906292689735,2.9094764765289316,1.2498825340119464,0.68503049583058,1.495849994553037,0.8848692226730602,1.283563149223177,3.655989482922079,0.8612759431334351,0.9214666446843695,0.9333492970651919,0.7399922274972289,1.0276292732562116,0.7592928180758077,-0.29720420628415595,-0.06996121412463817,0.5174642714403181,1.0209473465772942,-0.5230188991693814,-0.4306095858719874
-1.0021897440675716,0.18108799596117012,-0.8909551943266654,-0.8974815834770202,-0.35648591621282527,1.1859492490405301,1.7208610512743279,0.2769117165040485,1.3819407825427723,3.072238513695098,-1.0612214380421923,0.024487562255499497,-0.25074857099365777,-0.7600571924469844,0.5458148689163109,2.8673114278997844,3.6681154471893285,2.819963977292917,-0.5044546773907705,3.1372438044665896,-1.1238373366771703,-0.5077664892071475,-0.9175076668177493,-0.9382791387650159,-0.7516357714435828,0.6960384133403539,1.5625179762570172,0.4788644479411096,-0.49026285802187874,1.9846842313762794
-0.027193521732539968,0.41967902592942485,-0.08659643325953,-0.1469979152043143,-0.35857169160341745,-0.6214547040382289,-0.9113250538237023,-0.7530556577203492,-1.0950107097980601,-0.5995091014136419,-0.5314649726778371,0.5134078019329905,-0.5965893819485917,-0.4189197788222292,0.16108703620680137,-0.6324314386313192,-0.7553939660584248,-0.24706445810908578,-0.9244969360055132,-0.31096645677168055,-0.19944454638972975,0.7137925694036987,-0.271207776513743,-0.2960596366244233,-0.1457270178976793,-0.642712802793483,-1.0047245846577537,-0.5280545362756032,-1.0689529182944284,-0.4223718852674573
-0.26953362323777896,-0.1802731756412344,-0.24263548008569025,-0.3417669698145072,1.3865270518585493,0.3828666018413715,0.4206810181065878,0.6331352904323386,1.1604548070726528,0.7231625060174982,-0.4301140071196633,-0.5818094849622133,-0.4823029070640589,-0.3688133536974504,-0.13595057877702724,-0.09964310767219117,-0.09736524665520359,0.09086922328507725,-0.35494811076518407,-0.04403222846234607,-0.12928973641255795,0.3322600484166647,-0.13666097030615335,-0.21851993325816368,1.953915121125971,1.0437577463057903,1.0763139809220335,1.4169690197476184,1.542171504606511,1.8693564229128565
1.4268470872988954,-0.8103388081787609,1.4086753776651697,1.420213547473053,-0.6199888738909471,0.29675517580136834,0.37997329410797737,1.2256529863087722,-0.26812973470961515,-1.524817582620777,2.1320527782144527,-1.0493394641538145,2.038956108432112,1.8158727509402661,0.8601825664546219,0.30232416405877754,0.33803264152818585,2.619766298741872,1.3216612435360342,-0.1485009167004004,1.1830178855133624,-1.3281432832608124,1.164255169184448,1.0807558251978866,-0.8315820653142229,-0.3229635807064364,-0.22561117064879338,0.9486696267591364,-0.7304738264368994,-1.1725518203200116
0.24332566134307607,1.334664043768847,0.1488955665437301,0.12307429133365681,-0.13817475866419746,-0.961033240639458,-0.7958631457549161,-0.4976644892785517,-0.9178219294219648,-1.0642695069971955,2.901170034577899,1.7446959055325557,2.5885249833116477,1.5101775884817532,-0.014293399244560483,-0.7940010374216528,-0.4262585784518292,1.2151793860277436,-1.4878756489724054,-0.7463146202121134,-0.2695993563669016,-0.11804657506588581,-0.3522922756189788,-0.3255565169482625,-1.611268815536833,-1.27833357250489,-1.1867187168959368,-1.2905844803571698,-2.0999883086991598,-1.5827893104256177
1.0210683126854714,1.9902102717398769,1.040079204060067,0.9236656960395087,0.2859329040895082,0.5382415662178984,1.0029248280261072,0.8757950945450335,-0.37148985659567063,-0.48577619249440396,-0.06136900476971207,-0.25232757344425694,0.0026692646198715414,0.08398324032004585,-0.7660723804580076,-0.2791027658441534,0.142270005215015,-0.07729682669779998,-0.9553474973726976,-0.4481513178387341,1.079849047311639,2.0663499184821954,1.1286136311162127,0.9783115701809604,0.3339507453261604,0.7869412736951205,1.7377223456697217,1.2392862918613134,0.09466644818352925,0.3783326134928821
3.269759022001528,-0.45824330764308413,3.370426123852327,3.835010111172103,1.3239537901407896,2.501956477434489,3.0629823758345753,3.635190999234724,0.5255283440583115,-0.1979336452296649,2.113363947685995,-0.6587425226761716,2.1636774353713193,2.5927521863611473,-0.1924466479046399,0.9664926186017411,0.31443220005611877,0.5601325818087257,0.3474954403645549,-0.13995009880191195,3.4733660935916193,-0.38331811326287935,3.6205511677203557,4.15231719544676,0.8767440037110318,2.1695547091609777,1.7624123923078263,2.42283395388365,1.2146110931314824,0.23554580301435837
1.4493903525551963,1.6288491001374714,1.4742035863060772,1.4343682752790263,-0.12844114017476807,1.2963965128744468,0.9523485648763181,0.6975559939375974,0.14531075283460684,-0.0013582470976484943,0.535595370379673,-1.098590988297797,0.3281372691823452,0.6406702203760741,-0.6617452834800235,0.449358089601538,0.08175605272253554,-0.3106472408168975,-0.592260121281988,0.05002676842102675,1.6204537594886685,0.8153162445161278,1.6038341386926882,1.642432947532068,0.7883823104855879,2.5846565819698077,1.5914813001978707,0.960715913395496,1.1865344864336234,1.561815600343727
-0.7908466322897468,1.7701505839050784,-0.8250174343817526,-0.7349853082644465,-1.8791019513449798,-1.207761196119293,-0.8902310513880587,-1.1562579660230274,0.20437367962663927,-0.8901598686516954,-1.0270783822690486,-0.5836069858433806,-0.8987031938172696,-0.7284074000631219,-1.1338167322641246,-0.48483844873288295,-0.48223398450737265,-1.3545580158534645,-0.5993794815974921,-0.6355257622230024,-0.870041994700931,1.281997654307135,-0.8191964243128663,-0.7609446007701988,-1.6886904896010315,-0.6942032341832459,-0.7835112629521198,-1.4134566040480383,-0.09719036425184492,-0.7134373066275258
-0.5231453573711689,2.4395953184762003,-0.5932113963145437,-0.5376684026491783,-1.311771045103958,-1.2854486783075563,-1.0916726068114855,-1.2358289930799187,-0.4157870516896947,-0.42399535308148406,0.13917652282412118,4.367249691155569,0.008135139505653383,-0.11874092004717833,0.14375695365231908,-0.9447806941474418,-0.9763304066084671,-1.8550522122310757,1.3038628427472743,-0.2325219969203302,-0.5873593780282095,1.9861134655707589,-0.6629676824470998,-0.5726591251701241,-1.5965418666659257,-1.273120960932099,-1.3005778165847348,-1.7271117923422528,-0.7835074168661894,-0.9023552404914192
-1.0388225501090615,-0.9215268609795005,-1.0355268046406667,-0.9221108098594138,0.6565056651513522,-0.47600127353152816,-1.009726724834889,-0.926202212596144,-0.09463238725802246,0.2640185403805743,-0.7744197695477856,-0.5656319770317082,-0.824665434000768,-0.6535925313561701,-0.14253601014773054,-0.954955665420743,-0.8910965045228099,-1.058745926026441,-0.6409090834379327,-0.3496310246604978,-0.9855910934868612,-1.0022850357225301,-1.0077995632572798,-0.8614459475023212,0.08148876468203388,-0.8715591645257625,-1.1752758298963535,-1.0549289980333838,-0.4621862513240188,-0.06430649899054282
-0.5034200002719051,0.6443715492975866,-0.4936904294411662,-0.5402162536542534,0.37144969510377956,-0.021482703042120785,-0.42924691628864264,-0.5172707903453697,-0.9695019903649931,0.7006967462309829,-0.40208076132697707,0.7884254367515795,-0.45348283948448104,-0.43087177013639655,1.5305101596620017,0.36941188673988495,-0.030799898913476207,-0.037257290987591035,-0.19357594361375752,0.5898436200995139,-0.5605354800957613,0.45179598846839636,-0.5952487601174521,-0.5830801786977079,0.5485434288736675,-0.11827322382367499,-0.49910091802472184,-0.4932708836131148,-1.0034408359994227,0.38217687377499626
-0.796482448603822,-0.289144810675292,-0.7361448014125221,-0.7528202652999729,0.004353226359589382,0.5588334289665952,0.817889718941514,-0.509122717174744,0.8872887706595063,1.975628614115775,-0.5893284671986385,0.763260424415238,-0.247767184692322,-0.5494722993308271,-0.09054576248428331,1.900689156936162,1.7104890840576192,0.24942578469750476,-0.05593497751401158,1.8267380178504276,-0.7668731564992077,0.3338975270475106,-0.601189016462158,-0.7245592274366008,0.10673496274644606,1.4772944649208313,2.230098852664232,0.10693534804350535,0.6187631065435738,2.5173888704692358
-0.26107989876666615,-0.4651925609431306,-0.3184024713267395,-0.32195035088614454,-1.648276141452799,-1.07466288326181,-0.556797784817622,-0.9544658414067517,-1.2057536975331198,-0.8803310987450944,-0.8761301356930451,0.689562888287381,-0.9911261691586744,-0.614518713598315,-0.22987962622232178,-0.5284454684756027,-0.044718107986746435,-0.9929209293188574,-0.09509145924928425,-0.5619143733577542,-0.4862539165905206,0.31097282621567157,-0.5679235809318046,-0.4965324460109944,-0.9283591578944711,-0.6458912244842091,-0.20946767861618643,-0.9787362350584089,-0.22509490587542713,-0.652478322154002
-0.15118148064219708,-0.3702194325091652,-0.2319871461815432,-0.23504032215746848,-1.1386516876848232,-1.1630206943289434,-0.8453291982501974,-0.9206004122913389,-0.8882904660259491,-1.0418037472106794,-0.5346995779616086,-0.09234999502037192,-0.5886390184783633,-0.41547208902006555,-1.1033157869682355,-1.1107669013476151,-0.6540936095860143,-1.0472145397419008,-0.8283855717462076,-0.9797891263099713,-0.16436714140114386,0.02932650171022197,-0.25219895621068394,-0.2543754225140878,-1.1429518414419788,-1.1199846038729153,-0.7972807120387552,-0.9463618397231925,-0.8989334666240564,-1.1659616598363869
-0.18499637852664882,-1.2458253483149921,-0.18775560534893096,-0.3086449067485298,0.7816521885868716,0.24059555012310574,-0.3779305127025155,0.10503829806116387,-0.12785528357853976,0.5293953278587972,-0.8912249603506455,-1.1577287672881995,-0.8773365919910309,-0.6310676246487007,-0.8575752163456749,-0.5938559980896825,-0.5727023434836295,-0.44710197851728956,-0.4083433131314652,-0.3622713641626112,-0.30261338459145304,-1.2446318730876846,-0.37011304465309686,-0.3937349349422856,0.3002891479069438,-0.015928045382294285,-0.42313154375363066,0.2831122901002654,0.49241837640320585,0.5161768036086881
1.088698108454375,0.283010377695182,1.0605567692603506,0.9522582462075748,0.5383117263511389,0.5195216909918108,0.3898418332591556,1.0110021837201026,0.6584199293403827,-0.27094736453584245,0.16864737096515037,-0.6184785029380253,0.09608603539505471,0.21867298859124015,0.1063239753346369,0.14410895140249927,-0.2171828725903128,0.5152883018132919,-0.7453263680653265,-0.1581670586726047,0.9869970929300875,-0.08365952381812727,0.9117942745344455,0.8228789073966585,0.6747744191957308,0.7697777965651996,0.266765336345717,1.2453094351794929,0.23192985870639782,0.06420163044012868
-1.444601324722485,-1.1670671442478013,-1.4557264425504841,-1.1579285751069295,-1.794280418794239,-1.3382387264451236,-1.0462649910421264,-1.1474223991786303,-0.09463238725802246,0.8017926652703055,-0.8344396675911012,0.15750262746187554,-0.8564668878816815,-0.7011936352247099,0.16108703620680137,-1.1326263176545426,-0.8649544770460588,-1.2989831402876943,0.7817764196103058,-0.597976518407901,-1.3613320022175373,-0.9580731126896981,-1.3811446745220484,-1.055560147956807,-1.411823850827973,-1.2719131606896232,-1.2306859922553308,-1.5179581406184584,0.12430286636460257,-0.3196752177309804
3.1260457059926066,1.2674879285350669,3.259847271770797,3.4613252970944073,0.7260315115044187,3.067296709262335,3.027208921411554,3.462044444358929,0.056716362646559715,0.7301830559507856,1.7629483752774155,0.4612802763791405,2.243181070073603,1.8319619700170298,0.43039651910345805,1.7771359343317887,0.7573943323010681,1.3961580874378876,-1.159435826417149,0.7924608268245656,2.8275291664488313,1.2607104321061413,3.0978086093862323,2.965376861457546,1.0576750898393221,2.2579148321631637,1.774282607037684,2.5899761809631405,-0.8677372369597683,1.1664059713262753
-0.5992288776111857,2.036538627073518,-0.6198322310749124,-0.602497056000536,-0.798670299018328,-0.7141180864073625,-0.5914610285861358,-0.7405789206778287,-0.7332502831968654,-0.22180351500283882,-0.7747791701348713,0.8765029799287749,-0.6716209371988718,-0.6076233339939877,0.1420239453968709,0.041800174313810355,-0.08647273520655732,-0.3870426749519761,-0.35257499066001613,0.20096729306390954,-0.6616409415334501,1.9582763288463838,-0.6632646952643353,-0.6348321902838446,-0.4781352924124458,-0.4246730748096719,-0.44069946155382045,-0.6555945960380611,-0.7242345805040415,-0.10549500201319408
-0.6696765815371273,0.17182232489444196,-0.6472721684432923,-0.6667595202396549,0.9067987120223908,0.21438772480658286,-0.24754243916757226,-0.2840321958362107,0.6621113622648853,0.26823087034054643,0.34151905335338306,0.8549329693547679,0.5259025605042759,-0.044960358280875634,0.8695408110340427,-0.061067667130554434,0.28447779357234154,-0.010030406704648977,1.607622216208783,0.48314428371402784,-0.6141832759606572,0.0473387666495239,-0.549211773445981,-0.5991533290538119,0.15301965919786997,-0.40178843863644387,-0.371852216120644,-0.5361857797551461,0.4003894988935557,-0.21917527035571155
-0.472423010544491,-0.7014671731447029,-0.3708250382394653,-0.5056787178076785,-0.049876933795802623,0.9070231081718247,0.812955449365925,-0.001905162303297593,0.9906488925455618,1.4926147787056774,-0.05274339067965468,-0.01865245889251449,1.0615582993109118,-0.2322848375317688,0.10736378028790598,2.7711523587235307,2.394296747222637,2.5028508544680625,1.41183980753242,2.1806675239096007,-0.5192679448150721,-0.8008751641285167,-0.2845733532893314,-0.5343308435517223,-0.6169893817667157,0.9770108908005419,1.024085036110658,0.2936527909070802,0.4986576223360637,1.0730453644749331
-1.0275509174809105,-1.0327149137802405,-0.9998958411921739,-0.9107870276146351,0.16009112219045757,-0.025226678087338417,-0.3102076627775544,-0.6710656714409287,0.4110939233987503,0.9169296841762011,-0.2845567693499457,-0.16245252938589444,-0.15087212989891385,-0.4487997571076477,0.15242199492956024,0.7562844208676045,0.6160942532311289,0.16934671327708686,0.14103399121493576,0.3972643300379048,-0.8597251108807585,-0.7124513180628523,-0.7719713863724539,-0.7819633358512578,0.022580969198405056,0.30000707067588067,0.09488462705737293,-0.3252251850358975,0.16953739937782095,0.6919144165053337
1.088698108454375,-2.098267086453998,1.2653324212631853,0.9785860399266851,1.5672942523765223,3.2750873242719076,2.6102631422742713,2.509738392542057,2.234661788102731,2.259258831420543,2.473483335945889,-0.5609584747406733,2.8429366143589556,2.599647565965475,-0.18204859837195028,1.3360341577035078,0.6493769271019925,0.6866575146529857,1.1401175554906797,0.9039932341961538,1.8742491014649079,-1.4067422575414033,2.292903874678577,2.0062866808680475,1.263852374032026,2.6266117482873916,2.0795845298896323,2.2692437992700647,2.6355993543398193,1.924274426943058
-1.2256498609206588,-0.5671149426771426,-1.204261941891003,-1.0336500649704838,0.5452643109864457,-0.34833172448961053,-0.5570444982964016,-0.7831016775370312,-0.8476847038564266,1.1275461821747905,-0.013568726687310849,0.37140523232077804,-0.05993984770817701,-0.4005320998773562,2.400480303897019,0.23355924831064234,-0.1527355131858222,-0.21663441096932715,1.4699812501090366,0.32588358932008815,-1.0825698013964808,-0.7288261043713089,-1.0609648575423978,-0.9116083068554367,0.6116589240346991,-0.4825203495808871,-0.6833266506321182,-0.9239256308629726,-0.590090792947601,0.04498032902955871
-0.26107989876666615,-0.8381358213789457,-0.3208597791507736,-0.3341234167992818,-0.7472211727170586,-0.9385693903681529,-1.0736501871866462,-1.1527950349255116,-0.6704959234803314,-0.5166666122008634,-0.7780137754186428,-1.1573692671119662,-0.826653024868325,-0.5699285921569982,-1.1410953669370072,-0.966136952534261,-0.9422005374027087,-1.472914883412842,-0.8283855717462076,-0.4373698517928139,-0.38927520868090054,-0.8958489247175639,-0.45743481292027416,-0.43488926497494745,-0.8147512666046145,-0.7488720872637349,-1.2473992545949708,-1.3506653349560134,-0.4060330379282998,-0.0006016143155092555
-0.004650256476238634,-1.5191626447834778,-0.07676720196339414,-0.1099125283526641,-0.1924049188195885,-0.9282734589938048,-0.8739479617886144,-0.5399326188511722,-1.626577050926346,-0.7890639496123718,-0.5379341832453802,-0.2451375699195879,-0.6507512330895224,-0.3763982712622105,-0.08049431460268337,-0.7727565919059689,-0.8033512734087147,-0.7936841996248579,-0.7429532479601583,-0.47789329313782436,-0.1581770111090406,-1.2970311892747453,-0.26734660988968384,-0.23529959571783263,-0.17097321596209267,-0.8995292754041524,-1.0485968982993088,-0.8402039387402729,-1.2654891651794453,-0.7156340267887338
-1.0895448969357393,-1.6720462173844952,-1.0711577680891602,-0.9447583743489711,0.28523764562597687,-0.5096970489384858,-0.8544575969650373,-0.7347224930864416,-0.050335192163998385,0.43110762879278797,-0.7751385707219571,-1.2037447898460811,-0.7550997536362697,-0.6531328393825482,-0.430561982203228,-0.6424945970334852,-0.7192671364204146,-0.7453164404869255,-0.12356890051130037,-0.5169296357178802,-1.0144783681833436,-1.68183866752347,-1.0149278708709268,-0.8630355997353424,0.08990416403683833,-0.5556240484675875,-0.8915302169938277,-0.7188376008789493,0.04007304627102451,-0.3647079810357458
1.2634084141907105,0.18803724926121662,1.2366638299827883,1.241863977117789,-0.10132606009707208,0.0739886606109259,0.7463428100954713,0.7326945594859207,-0.4305527833877031,-0.7904680595990294,1.603374514611355,1.1353431068168585,1.373610065517375,1.2237894889153573,1.3260151855191091,0.11615573361870449,0.5610265564629725,1.2055698974572933,0.29765991815602605,0.16936644430862619,1.0344547585028803,0.21927402288831602,0.9652565816367993,0.9182580413779347,0.06886566564982778,-0.258759462553769,0.33561258177889347,0.5165090936797336,-0.88957459772477,-0.5300111731666526
1.1140592818677137,0.5563476741636676,1.044174717100124,1.0436977878341624,-1.539815821142016,-0.3037784214515221,0.2689522286572215,0.23540746879117416,-0.16107817989905807,-1.2945435448089857,0.824553442396594,0.15750262746187554,0.7177050792235352,0.8289140835742108,-0.48324543316885465,1.5551873851284586,0.8723708420367792,0.45763137039059093,0.11611623011067115,0.47384991643306185,0.7146313600775388,-0.1999205066081677,0.644482739022678,0.6091589960682435,-1.8490038473100516,-0.3566548506281331,-0.09693804297713249,-0.3446498222370274,-0.8458998761947663,-1.0039535479472925
2.576553615370262,0.6026760294973091,2.4653177419997974,2.9177837493450314,-0.7972797820912663,0.22187567489701812,0.5415706227085217,1.2345649413391437,-0.04664375923949578,-0.9954681176509891,0.9251856067805965,-0.6493955180941019,0.8623023148383134,1.3228531092308602,-0.6981384568444365,0.016642278308395125,-0.12247853693958258,0.744314446075687,-0.10221081956478807,-0.007970083412199257,2.416917190405973,0.37647197144949684,2.281023361989165,2.6845383002904555,-0.39398129886440364,0.673153777167126,0.5739664935544422,1.8054617637702173,1.057070133326826,0.4398407780067077
-0.6724944896941649,-1.0998910290140211,-0.6386715910591729,-0.649207657760248,-1.033667659691692,-0.1130228928976893,-0.26197517767617057,-0.563867583789885,-1.1614565024390957,0.6964844162710108,-0.7704663630898427,-1.0347797070163598,-0.7565904467869375,-0.6264707049124826,0.020020164213314744,0.7836785742957233,0.23909232920298193,0.5921642103768929,0.25850343642075335,1.1378395149852505,-0.793697054431656,-1.3625303345085704,-0.7767235914482186,-0.7229695752035795,-1.04617474886173,0.17096315003240076,-0.023342711652012755,-0.13700195634277784,-0.47934417763937726,0.8198733658957034
0.09115862086304193,0.18108799596117012,0.10589267962313431,-0.035741754649363716,0.1990255961481751,0.33606691377615244,0.36393691798731254,0.28684218068074857,0.5033797465113,0.2864843001670896,-0.7100870644594413,-1.0182426989096212,-0.706403777381121,-0.47982896532712077,-0.9982954866880721,-0.5127916665166775,-0.3711908816836729,-0.685417295064453,-0.6171778823862525,-0.6637806387571381,0.41956848282060955,0.6875929113101684,0.31182838371914556,0.28416342842833975,0.9693133966138784,0.9738324691098158,1.0577964459434546,1.0405225623613787,2.8726906997884107,0.9577175560115094
0.5335702015179553,0.8806461614991589,0.44213430021178945,0.4033379018919288,-0.9592750040939119,-0.6731215596622306,-0.6847187235647707,-0.3897025197677618,-1.0544049476285386,-0.7932762795723439,-0.09802786465245572,-0.05460247651585948,-0.19956810615406254,0.004916220857092095,-1.003494511454417,-0.887420691255095,-0.6432010981373679,-0.6392917499262923,-0.6907446056464616,-0.26746881789676114,0.5970188845275742,1.3032848765081286,0.48706594588797064,0.4713891358730669,-0.5917431837023029,-0.6185567979439646,-0.6078320849502212,-0.22509042737115775,0.05723097258638297,0.036193448384726046
-0.8190257138601233,0.09769695636061528,-0.8176455109096508,-0.7587652509784816,0.6634582497866581,-0.6525296969135342,-1.0299202230729874,-1.042745121664749,0.4664654172662801,-0.32851587398879023,-0.3923769454756626,1.3456507099134265,-0.45149524861692397,-0.47523204559090254,2.067742718850957,-0.788410393864894,-0.8765731559246148,-1.0595467167406452,2.611452020694863,-0.6686137097432402,-0.8906757623412757,-0.023072814476838496,-0.9056271541283376,-0.7895583409645816,0.4307278379064087,-0.9898600198545885,-1.2371908699272929,-1.4226418976082624,0.5938061228121432,-1.023724029398165
-0.689401938636391,-0.7570611995450726,-0.6722547979876382,-0.6647778583468187,1.1779495127993498,-0.18752799629751796,-0.5638291189628366,-0.4383363315049337,0.14531075283460684,0.1952171510343679,-0.12749871279348493,-0.11392000559437891,-0.1558411070678067,-0.2925044860762277,0.7187690928100459,-0.6833062949978257,-0.41627377629057016,0.013993314721476224,0.1303549507416796,-0.20389534569495582,-0.6141832759606572,-0.7091763608011611,-0.6187127726790407,-0.5887322755262281,0.859913205001424,-0.6655974389667109,-0.5931130186851974,-0.24918300064387713,-0.16738188099649387,-0.19885560886453646
0.8632654558913625,0.6096252827973556,0.8066349607768352,0.7727762976278327,0.09751786047269795,-0.23769726190343277,0.02606280879884579,0.42612330644113056,0.1969908137776351,-0.9575571480112431,0.04860757487851909,-0.8611411218956038,-0.02416321209214933,0.11777060038124987,-0.8426713453488202,-0.7313858295859527,-0.35666753308547783,-0.2734905516778237,-1.0656975822630115,-0.8128622899438276,1.0901659311318108,0.5582320994733626,0.983077350670917,0.9765452899220478,0.9945595946782906,0.02729848961158061,0.5459527867919775,1.2603672934749426,0.47526045008784734,-0.4481833471616519
-0.3427992353207582,-0.71999851527816,-0.3839306799676464,-0.39329017902825025,-1.1435184969295378,-0.9170415338581522,-0.6139119551550665,-0.6305799328743825,0.056716362646559715,-0.835399579172062,-0.7639971525222996,-0.5550267218328214,-0.6830495846873251,-0.5641824424867254,-0.5636570162216532,-0.5183823100734366,-0.27406598793324344,-0.5065206495112395,-0.22442650498094197,-0.5983482930991396,-0.49863417717472713,-0.6420397369364899,-0.49277933817127445,-0.4990052383734719,-0.9451899566040795,-0.6471625931604994,-0.46301546524595355,-0.4870971617119803,0.17577664531067883,-0.7892241521892044
0.3842210691949593,0.12317755179411805,0.4298477610916195,0.25301469259249226,1.4004322211291629,1.0024944718248714,1.2410033350482832,1.0845894695423155,0.4258596550967576,0.6768268764578089,0.8633687058018522,0.20423765037222405,0.898078950454341,0.6117096260378991,0.11949483807604377,0.23132299088793884,0.5280464523545713,0.7699397489302202,-0.22561306503352635,0.17494306467720538,1.0117576140985014,0.571331928520128,1.0305994014285642,0.8405417099857837,1.5121066549987499,0.8829296087550489,1.3360342792113267,1.466659952122602,0.43002591707462895,0.9906683584296305
0.8914445374617386,0.6235237893974478,0.9213093258984232,0.8279797360711287,-0.40793504251409474,0.46149007779093937,0.10451769505071327,0.675658047291541,1.086626148582613,-1.1204339064634856,1.538323008348839,0.747082916484733,1.6290154919984616,1.1640295323445202,-0.07182927332544221,1.9381464687664471,0.42698815169213056,1.586746277418482,0.8363581820291709,0.7720132188064414,0.8446240962117099,0.21599906562662424,0.9058540181897399,0.7274997734153824,-0.7895050685402017,0.21800379105514728,-0.20946767861618643,0.5737289552024419,0.24284853908889842,-0.4954128306276253
-0.7006735712645414,-0.25671496194174354,-0.6853604397158193,-0.6874254228363761,1.2752856976936426,-0.017738727996903417,-0.21954045932610392,-0.3484528993414696,-0.04664375923949578,0.3623062394465815,-0.36218729616046186,0.790222937632747,-0.3541032961066266,-0.45224744690981133,0.5600255366109869,-0.11417878091976444,-0.08526245615670767,0.3839586246838065,-0.5661558001251394,0.029207385711663585,-0.6513240577132776,0.5467697490574437,-0.6501961313059819,-0.6383647508016698,1.5415605527405647,0.08641713305908642,0.06354726017054779,0.10693534804350535,-0.16426225803006453,0.39041457437952637
0.13624515137564458,-0.868249252345813,0.03176389359810858,0.027105236809157687,-1.368086980649942,-1.2635464242930339,-0.9131754049145482,-0.7578935761654082,-0.6704959234803314,-1.4138928936748536,-0.32624723745188955,-0.5498139692774364,-0.45397973720137036,-0.26193496983037645,-0.6561996570625892,-1.0690047939786256,-0.8152120080972407,-0.8422121169056311,-0.6504015638586049,-1.065743434924342,0.03371702794616501,-0.6829767027076309,-0.10992981675497643,-0.07474472018268455,-1.307052128860661,-1.1539937159636848,-1.0752336601531103,-0.851798489627769,-0.5947702273972446,-1.4778959227279325
0.21796448792973713,0.7161805000647316,0.41756122197144896,0.08400724258917054,0.251169980912975,2.24362219931448,2.2796670807097983,1.2368565869183823,0.8393001426409806,0.8930598144030272,-0.5526696073158948,-0.6156025015281577,0.29732961073521036,-0.37019242961831583,0.014127936144790541,2.0678493992832543,1.4218375306684923,1.7228806988331924,-0.6444687635956848,0.7519373854795554,0.01101988354178601,0.2700358604445306,0.5345879966456184,-0.0890515902798758,0.4096893395193981,2.902498751042418,2.9817208493588416,1.999708135781517,-0.07067356903719924,1.7375532132403726
0.6040179054438969,0.2945924665285926,0.6141458478941708,0.44834993631492426,1.4630054828469226,0.5476015038309423,0.7315400013687039,0.9254474154285334,0.4959968806622958,0.021107512688868724,0.11042447585726335,0.026285063136666547,0.19993765822491277,0.09455615571334766,-0.0787613063472352,-0.2410863896581925,0.006416181869398694,0.37434913611335646,-0.6005660416500761,-0.36152781478013396,0.6155892754038843,0.7301673557121547,0.6652736362291494,0.4201670083646038,1.1292059843551583,0.268858538106765,0.40730867874723586,0.6565471758274146,0.2990017524846183,-0.10219992177138174
-0.5851393368259972,-1.1137895356141134,-0.567819215466192,-0.5832466261844123,0.5035488031746056,-0.21953898293412782,-0.2785049807543941,-0.5358585822658594,-0.511764307726746,-0.3074542241889317,-0.5145731450848082,-0.8771388797379921,-0.5066508951916332,-0.4694858959206297,-0.49780270251462,-0.6078326069815798,-0.27376341817078104,-0.9485571237519459,-0.7287145273291502,-0.49796912646471014,-0.5233946983431409,-0.854911958946423,-0.5204015301741572,-0.5307982830338973,0.7252668153245563,-0.2339677733661053,0.14758838045794248,-0.7411232311562148,-0.25629113553971555,-0.04673273770087826
1.2690442305047855,1.3138162838687084,1.3472426820643193,1.224878303750621,0.7329840961397246,1.610890416672719,1.768970179636322,1.9317344520008004,1.3634836179202623,-0.09122128624371346,1.5235875842783244,0.44690026932980254,1.3447899979377975,1.487192989800662,-0.2343854476864872,0.48066569351938804,0.5958220791461482,-0.0004209181341989514,-0.04169625688300311,0.29688516340347526,1.414116083085222,1.3245720987091212,1.5771029851415113,1.3898548705075777,0.7126437162923502,1.1016050210770054,1.6114232609440322,1.0555804206568282,0.830897468260735,0.7666029019864079
0.13060933506156938,0.7509267665649625,0.18370742738421178,0.005023861431839418,-0.7736409943312241,0.5681933665796389,0.17766824150882243,-0.28454145040937473,-1.3275709840416852,-0.1614267855765766,-0.6518641693515542,-0.19660504612807198,-0.31981735364126657,-0.4770708134853899,-0.9296683597723217,1.1878821034493954,1.013973490869181,0.7170875617927449,-0.47953691628650635,0.23963186095272676,-0.16849389492921268,0.22091150151916134,-0.04458699696321098,-0.26426659196399793,-1.2439366336996294,0.41125182985129455,0.4381712370448667,-0.06321845069507491,-1.019038950831567,-0.2098392096705771
0.24614356950011368,-0.9099447721460904,0.22711986560881287,0.08259176980857322,-0.8445573576113514,0.13014828628918879,-0.2892370170813006,-0.27333784979976444,0.24867087472066232,-0.49841318237431925,-0.628862531778068,-1.2955970848737275,-0.2939786723630246,-0.46925604993381886,-0.9723003628563484,0.38730194612151364,0.12623380780450788,-0.005225662419424103,-0.7726172492747588,-0.2072413179161036,0.023400144125992537,-1.0825214886339667,0.20193364134208555,-0.13232545662323256,-0.7810896691853972,0.7011238880455158,0.3147210038543433,0.34936686660024335,0.06658984148566932,-0.013232755242455303
-0.864112244372726,-1.0373477493136047,-0.836075319589906,-0.7966999214984902,0.5174539724452193,-0.21860298917282353,-0.42591628432511996,-0.38511922860928494,-0.1389295823520455,0.9056968042829435,-0.8865527527185311,-0.7097915477013214,-0.7516214696180449,-0.6779562059581268,0.17044528078622193,-0.35625364692742706,-0.14184300173717593,-0.23745496953863576,0.3629207210481473,-0.31394065430158963,-0.9030560229254825,-0.9859102494140741,-0.8209785012162777,-0.7826698479548228,0.4054816398419965,-0.19964081910626338,-0.20899287002699216,-0.10839202558142366,0.6078444261610731,0.38107851369439266
-0.4808767350156038,-1.0188164071801484,-0.544474791137869,-0.5062449069199174,-1.1539473738824975,-1.2863846720688608,-0.9617779602341012,-0.9537019595470057,-0.987959154987503,-0.7132420103328798,-1.0475642157329348,-0.975821678114074,-1.04876630431783,-0.7191905759920043,-1.268298172886908,-1.1299987151828659,-0.7798718598416328,-1.252537278863852,-0.38223899197461664,-0.8927938485601326,-0.6389437971290711,-0.9089487537643287,-0.6995002589670415,-0.6000364691832681,-1.197651937248206,-1.1101950650654788,-1.0041548143507206,-1.116967374210636,-0.01608016712469449,-0.8803880388793388
0.5645671912453695,0.2876432132285461,0.6632920043748508,0.4061688474531235,1.4699580674822295,1.8636087322249013,1.0325304454796418,1.3817395129835695,1.293346392354725,1.536142188292053,0.5837550490491601,-0.2595175769689259,0.4901259248882482,0.31911568482760855,0.03527063686125919,-0.007397488985668356,-0.011738003878345234,0.2221989004145627,-0.4190223536047214,0.141483342465729,0.9622365717616745,0.9102900051051751,0.8731826082938573,0.7628253785936329,1.9665382201581774,1.08634859696152,0.970906474120894,1.3943822323044441,1.239568076862913,1.66615980800111
-0.8049361730749353,-0.9122611899127724,-0.7586701231328344,-0.7454598068408668,-0.8487289083925357,0.1638440616961464,0.15052975884308203,-0.5338215639732029,-0.013420862918978491,1.390114749679698,-0.27413415232445976,-0.2703025822559294,-0.14838764131446755,-0.39823364000924716,1.1977725746159396,2.322782745471463,1.8896103834353581,1.4233849717208298,-0.9767055783192101,3.185574514327611,-0.878295501757069,-1.1447456766061008,-0.8218695396679836,-0.7650070453656975,-0.9241514582170689,0.18113409944272424,0.13381893137130713,-0.4815257541426641,-1.1765799106362234,1.1224715681021145
-0.5879572449830353,2.0156908671733795,-0.6165558206428671,-0.5815480588476956,-0.5796638830061688,-0.7983575249247568,-0.7996872046759979,-0.6305799328743825,0.14900218575910945,-0.7918721695856862,0.7163738656837915,2.562558806463653,0.6118658655261201,0.1071976849879479,0.20545204754627655,-0.5362723694550653,-0.5330657046010554,0.03961861757600999,0.00576614522035736,0.045193697434924594,-0.5564087265676924,1.213223551811618,-0.5988129139242757,-0.557292486917585,-1.1808211385385976,-0.9862366191271605,-1.0382935519137921,-0.891852392693665,-0.7913064742822615,-0.959469964682829
-0.7119452038926923,1.170198382334419,-0.7238582622923522,-0.6741199786987612,-1.4682041993983574,-0.8567635356301501,-0.848166403256161,-0.9015033657976851,0.44800825264377014,-0.5391323719873796,-0.5591388178834379,1.022100551303322,-0.4505014531831454,-0.5076403297312411,-0.278057255723783,-0.09908404331651531,-0.49342906571848144,-0.7342655286309079,1.3667505255342276,-0.5764135863160607,-0.7957604311956904,0.9332147059370142,-0.7725654120069244,-0.7182006185045158,-1.5447871606338799,-0.7393368221915566,-0.9568638788669661,-1.0020759154163559,0.5189351716178515,-0.9012568804108156
-0.5992288776111857,-0.8775149234125411,-0.61246030760281,-0.6002322995515803,0.09543208508210581,-0.580270978540836,-0.5796187816047219,-0.7614583581775569,0.979574593772056,-0.4127624731882264,-0.6457543593710969,0.06762758340351309,-0.7088882659655673,-0.554758757027478,-0.331087308340499,-0.39259283004636014,-0.3690728933464361,-0.7296209424885236,-0.08322585872344372,-0.42919080858556413,-0.5419650892194511,-0.16717093399125507,-0.5827742217935695,-0.5567626028399114,0.23296595306850934,-0.33122747710232425,-0.22418674488121032,-0.5778960472335414,0.7295097218517975,-0.2537736128947381
-1.024733009323873,-0.03433885634026347,-1.0031722516242192,-0.9037096637116485,0.28037083638126314,-0.31575914159621826,-0.7222191723392481,-0.9300216218948749,1.4889923373533303,0.3075459499669501,-0.18608100848845782,0.5691303292491755,-0.28105933172390335,-0.39455610422027254,0.23248697633126908,-0.16505363728627076,-0.10492949071676352,-0.47544996980011744,0.7924554600835619,-0.1154129691801625,-0.9814643399587923,-0.4275300362957115,-0.9855236019646325,-0.8483754735863684,-0.43185059596102304,-0.6598762799234038,-0.921348196395231,-1.244808591139003,-0.13306602836577608,-0.4580685878870882
0.9393489761313794,4.59618025925722,0.8803541954978562,0.750978016806634,0.15731008833633503,0.5082897658561585,0.6562923903409694,1.007692028994536,-0.01711229584348007,-0.4155706931615408,0.4665904576592143,-0.6493955180941019,0.06676907009858753,0.20005546365955623,-0.7154685393989192,0.1513767880262858,-0.18904388468130984,0.3455206704020061,-0.9683996579511219,-0.3726810555172927,1.2820599701870168,3.102873891807484,1.0038682478773875,0.9270894426724973,0.18247355693968495,0.7697777965651996,0.2382768209940577,1.3838417314976292,-0.09095111831898706,0.06035737015801453
0.2743226510704902,0.598043193963945,0.21933839083270523,0.16270752919038214,-0.36830531009284684,-0.5959956737307497,-0.44367965479724086,-0.3869016196153593,-0.7295588502723638,-0.811529709398888,-0.3460142697416043,-0.6893000376560148,-0.38292336368620433,-0.23872052516247433,-0.7795898448505039,-0.8297811561849102,-0.49131107738124463,-0.3780738189528895,-1.1238390248396284,-0.7927864566169417,0.37211081724781747,0.9446770563529336,0.30588812737443954,0.2594355048035644,0.28345834919733487,-0.29690052284248236,-0.012896922689737801,0.5767405268615319,-0.36859756233115354,-0.2817817949501415
-1.1898624273262801,-0.31925824164215966,-1.1182561680498124,-0.9991125291239089,0.07874588195737055,0.5008018157657231,0.5205999770122681,-0.28963399614101576,-0.5339129052737586,2.603265778151571,0.08742283828377705,1.8759134698577649,0.13136577329419316,-0.2945730999575259,2.057344669318267,3.5186214022622027,2.6454296500664265,2.084838101653481,2.180730721606864,5.263795038351538,-1.0392388893517572,-0.2506823441643823,-1.0196800759466917,-0.8706306048486663,-0.08681922241405048,0.2707655911212005,0.3546049253466663,-0.23487803526320017,-0.4637460628072331,1.7759958160615132
-0.12582030722885812,-0.71999851527816,-0.169735347972681,-0.22598129636164543,-0.2146531896525698,-0.5634230908373572,-0.8755515994006808,-0.757129694305662,-0.674187356404834,-0.150193905683318,-0.7262600908782988,-1.3252558494129871,-0.7426773107140379,-0.5297055444650887,-1.0731614433234362,-1.001525726248545,-0.7621715287375824,-1.041929321028153,-1.172487986995573,-0.7675057776127152,-0.09214895465993764,-0.9367858904887049,-0.17230250837438907,-0.1937920096333884,-0.24250411047792758,-0.6102929015480765,-0.7279586580163844,-0.4164758063063218,-0.16426225803006453,-0.33175717861762466
-0.2779873477088918,0.30154171982863825,-0.24263548008569025,-0.33525579502375963,-0.6331987846980304,0.11704437363092735,0.2467480155670704,-0.3420872171769183,-0.9288962281954706,-0.33974875388204884,-0.32912244214857544,-0.7710863277491246,-0.27609035455501074,-0.29641186785201323,0.12850648100437462,0.37164814416258846,0.4200290471554954,0.1533308989930034,-0.5709020403354755,-0.19757517594389928,-0.3088035148835563,-0.07547213066389896,-0.19309340558085955,-0.3426894354597138,0.12356576145605497,0.6515405096701883,0.8379600691464845,0.05122127235034179,-0.5432964484511692,-0.11647860281923471
0.3757673447238465,1.045111822933587,0.4871849436524129,0.21508002207248347,1.5603416677412154,1.5790666287883697,1.4124692028000063,0.933595488599159,-0.024495161692484252,1.1528201619346212,-0.26478973706023096,1.3366632055075904,0.034470718500784814,-0.1787307226048263,0.9059339843984555,1.35616047450784,0.844836993652701,1.41377548315038,0.07458662827023053,0.8322407187870989,0.16783651760840498,1.7044671410653094,0.30588812737443954,0.04642210557871441,1.7266993385462568,1.5529409011601125,1.506015754142893,1.5299029569634899,0.15861871899532035,1.2542747777745982
-1.519557681699687,-0.6018612091773734,-1.500367534687102,-1.1918999218412656,0.5591694802570594,-0.5310377066962257,-1.0916726068114855,-1.2358289930799187,0.6325798988688697,1.1738818117344798,0.39578854200332714,1.5487683094853257,0.14875719338531757,-0.263084199764431,3.0832855565436263,-0.3064969192722723,-0.9763304066084671,-1.8550522122310757,-0.21018778434993393,1.1058668915387286,-1.264146956631514,-0.5110414464688388,-1.2887736883618708,-0.9999223198010628,0.5822050262928842,-0.7717567234369629,-1.3005778165847348,-1.7271117923422528,-0.7273542034704704,0.2630048050294592
1.1788711694795801,0.2644790355617249,1.1834221604620514,1.1229642635476131,0.760794434680952,0.4146903897257203,0.8437946342133572,1.1706534924070489,0.17115078330612096,-0.4506734428279724,0.49642070638732955,-0.5300414595845967,0.17409897694667056,0.6220526954443902,-0.25934076656494187,-0.35625364692742706,-0.0949446885555044,-0.17979803811593478,-0.5732751604406437,-0.38532139501940604,1.1479404805247762,0.045701288018678,1.033569529600917,1.0772232646800615,0.7168514159697519,0.007592275129078794,0.48422767019671575,0.5466248102706328,0.2537672194713999,-0.2872735953531611
0.8322684661639475,1.786365508271853,0.7902529086166087,0.780136756086939,0.21710231619997214,0.15635611160571142,0.15052975884308203,0.4016790869292539,-0.07617522263551252,0.02672395263549754,1.8772377619706757,-0.11751500735671341,1.5818102088939807,1.7216358963477925,0.6293458668289161,-0.16505363728627076,-0.15303808294828458,0.48005351038830785,0.0033930251151894192,0.24372138255635156,1.3749119245685677,1.4031710729897124,1.3276122186638615,1.3509967048115021,1.1712829811291794,-0.05089068398028151,-0.047557949700923065,0.6143851726001559,0.15393928454567674,0.370094912888352
1.1788711694795801,-0.1988045177746915,1.093320873580804,1.0918238623744718,-0.6936862710251979,-0.33635100434491444,-0.08397140273679214,0.244574051108128,-0.7111016856498539,-1.1751941959431191,-0.5357777797228659,-1.333164853290123,-0.5220547244152007,-0.26147527785675456,-1.4065922316716777,-0.892340457585043,-0.5491019020115624,-0.778949650483501,-1.154689586206813,-0.9942883392682778,1.0344547585028803,0.07190094611220824,0.944465684430328,0.9306220031903223,-0.36873510079999144,-0.05025499964213635,0.3792949719847709,0.6384777458728751,0.45966233525570316,-0.7952651326325265
-0.4357902045030011,-0.2405000375749689,-0.49450953204917736,-0.4708580874049841,-0.8292616714136769,-1.1323200989581597,-1.068728253284996,-1.1613759744833267,-0.4305527833877031,-0.5714269016804968,-0.4847428963566933,0.23839016711440197,-0.5697569052365709,-0.41018563132341457,-0.18759422478938478,-0.9579187065058254,-0.9200524307904613,-1.3867498025644724,0.6275236127743834,-0.6492814257988316,-0.577042494208037,-0.46519204480516124,-0.6487110672198054,-0.5634744678237789,-1.1934442375708036,-1.1834259008198085,-1.2740882453935836,-1.5950242593745692,-0.6337655144776052,-1.0736994130656483
1.4324829036129707,-0.2011209355413731,1.3759112733447163,1.4060588196670798,0.6565056651513522,0.450258152655287,0.5403370553146246,1.0542888224390516,0.3815624600027346,-0.4225912430948264,1.1526861784058589,-0.04381747122885598,0.9785763805904033,1.4297314930979343,-0.16159910095766103,-0.11641503834246793,-0.08526245615670767,0.6081800246609764,-0.22561306503352635,-0.42881903389432546,2.0310657355315276,0.363372142402732,1.8622352896873964,2.228837993491025,1.2722677733868293,0.6273845048206701,0.5412047009000343,1.4214863772362532,0.9759599361996765,-0.05057699798299241
-0.030011429889577574,-0.8751985056458591,-0.09478745933964351,-0.13822198396461077,-1.1261370353412712,-0.8767938021220638,-0.8342270917051218,-0.5605574290643184,-0.8292275392339167,-0.9491324880912999,-0.6921170351051551,-1.0110526953849521,-0.6269001426788373,-0.4837363471029063,-0.7234403773739809,-0.8891537907576903,-0.6975728844518607,-0.1317505952636841,-1.033660460843243,-0.6161934782785937,-0.2861063704791773,-1.0825214886339667,-0.3228880067126845,-0.3430426915114964,-1.210275036280412,-0.9580122345135127,-1.0033476397490901,-0.4899581547881159,-1.2093359517837259,-0.9204781818213856
1.1619637205373545,0.1254939695608005,1.1342760039813709,1.088992916813277,-0.08533511543586625,0.11891636115353615,0.29855784611075636,0.6484129276272614,-0.07248378971100991,-0.7300913301727673,0.14348932986914978,-0.7984083411428667,0.15521686370487828,0.31290984318371384,-0.904713040893867,-0.632990502986995,-0.29433816201822405,-0.19100910811479338,-0.7987215704316072,-0.5883103764356967,1.3584049104562914,0.2847731681221413,1.360283628559744,1.2768129339371763,0.5064664320996464,0.033019648654887684,0.49609788492657375,1.182066430338605,0.23660929315604143,-0.00993767500064296
-0.6274079591815622,-1.1091567000807494,-0.5649523563381526,-0.6299572279441243,1.3448115440467092,0.5045457908109409,-0.6340191036755922,-0.4711832514740183,0.6694942281138895,2.2143273118475104,-0.03800796660914008,-1.013029946354236,0.07621012671948378,-0.35088536672619924,1.1249862278871134,1.2449066677283367,-0.1324633391008416,-0.07729682669779998,1.2872510020110979,2.104825486896921,-0.6492606809492432,-1.541015505270745,-0.6279201700133346,-0.6597367419345113,0.4307278379064087,-0.004485727295680498,-0.8533081255636848,-0.8173159941311896,-0.287487365204004,1.084028965280973
-0.024375613575502365,-0.8010731371120323,-0.08700598456353588,-0.1249165398269957,-0.7840698712841839,-0.8180133939121487,-0.6557298898081844,-0.48620626138235934,-0.36779842367116905,-0.5110501722542347,-0.06316600770514069,-0.3080501007604414,-0.111120312547772,-0.17367411089498627,0.3645422053964252,-0.681629101930798,-0.48979822856893257,-0.40626165209287646,-0.04406937698817146,-0.34628505243935015,-0.13135311317659237,-0.710813839432007,-0.18418302106380072,-0.23512296769194135,-0.5328353882186736,-0.8086264150493857,-0.7702166224546789,-0.6048496135823961,-0.29060698817043246,-0.6327078407031295
-0.3568887761059467,-0.3331567482422519,-0.3569002939032724,-0.4218827291963163,0.242131620887076,-0.13455074940769002,-0.6119382473248307,-0.6463668246424696,-0.3530326919731607,-0.37204328357516503,-0.5077445339301794,-0.21997255758324644,-0.5414337353738824,-0.458453288553706,-0.5653900244771014,-0.47701154775342036,-0.34970842854884276,-0.5451187619358809,-0.34901531050226425,-0.33959310799705494,-0.42435261366948646,-0.1802707630380199,-0.46099896672709784,-0.4610302128068527,-0.13731161854287602,-0.2435030384382836,-0.4786841486893661,-0.5336259438449197,-0.2063771680768544,-0.25706869313655045
-0.6189542347104494,-1.975496944819848,-0.6456339632272694,-0.6019308668882971,-0.4962328673824896,-0.9402541791385008,-0.7702049439618527,-0.7785183863785543,-0.7849303441398936,-1.0123174374908765,-0.5555448120125807,-0.3098476016416089,-0.6055335408525986,-0.49063172670723365,-0.25968736821603156,-0.7325039582973044,-0.5599944134602087,-0.9210099231833222,-1.1226524647870446,-0.7080218270145348,-0.5151411912870029,-0.9466107622737785,-0.5869324012348637,-0.5186109492474009,0.22034285403630324,-0.6033003738284791,-0.5817176125445336,-0.6917334559471401,-0.7039570312222542,-0.6173307995746729
-1.14872096823353,-0.44202838327630944,-1.1260376428259202,-0.9753325864098736,0.3366867719272463,-0.5501319794268349,-0.7819238342038769,-0.7838655593967775,0.28189377104118063,0.09692945196836068,-0.5206829550652654,1.433728253090622,-0.5414337353738824,-0.5388993839375251,0.3045801197579159,-0.5955331911567101,-0.4649875080470161,-0.5669002693622347,0.06865382800731068,-0.36561733638375876,-1.0598726569921018,0.15049992039279894,-1.052054473025339,-0.881581542453924,0.33815844500356207,-0.7132737643276026,-0.7996547549847268,-0.7485015817209849,-0.02699884750719596,-0.3965604233732626
1.7509065253582266,0.47990588786315935,1.801844629510613,1.7231247225208823,1.4699580674822295,1.5884265664014137,2.0724277585350546,2.593765397114134,2.7883767267780297,0.572922737445171,0.5873490549200173,-0.3493926210272884,0.5686357641567531,0.6611265132022454,-0.4988425074678888,-0.04653199388298117,-0.011132864353420464,0.3375127632599644,0.8612759431334351,-0.1548210864514571,1.8577420873526325,0.9725141930773092,1.891936571410926,1.8632179798961332,1.1376213837099627,1.2509908405411323,1.2367992840697135,2.3159231599859584,4.1283389437760185,1.0181273604447314
-0.07791586855921785,-0.9863865584465991,-0.11936053757998404,-0.19229304418342896,-0.04848641686874183,-0.4823660311083978,-0.5391577710848908,-0.29090713257392603,1.0940090144316172,-0.5742351216538112,-0.5709990372572666,-0.5354339622280984,-0.5155950540956402,-0.4800588113139317,-0.9320945713299492,-0.5440992704345278,-0.5354862627007546,-0.18460278240115993,-0.6100585220707483,-0.8061703455015324,-0.271662733130936,-0.6846141813384767,-0.26823764834138974,-0.376425388404943,-0.5749123849926947,-0.5085834074448411,-0.6092565107178042,-0.22238001287797685,0.06814965296888358,-0.8095438136803788
-0.32870969453556964,-0.2659806330084717,-0.3163547148067107,-0.368377858089737,-1.5537209904126288,-0.44286709438135297,-0.5912143151073563,-0.7563658124459158,0.22283084424914923,-0.5096460622675769,-0.6148459088817249,0.14671762217487205,-0.23385404861942258,-0.46167113236905877,-1.1421351718902761,0.6701885100935167,0.0681404134117277,-0.14936799097617615,0.6999037759820085,-0.020982197605551173,-0.4470497580738655,-0.21465781428577843,-0.329422288691861,-0.4613834688586353,-1.6356734736657652,-0.13098691058657944,-0.5389848395170449,-0.732088516178945,0.4612221467389174,-0.625568500179203
-0.26953362323777896,0.5493984208636211,-0.2655703531100079,-0.35054290105421076,0.08917475891033032,0.038420897681359464,-0.07286929619171659,0.10147351604901511,-0.2496725700871052,-0.11930348597685853,-0.7654347548706425,-1.087626232922677,-0.7620563216727195,-0.5931430368249002,-1.238837032544288,-0.6318723742756434,-0.5369991115130666,-0.757488459342829,-1.1024809438931162,-0.7589549597142266,-0.013740637626627783,0.6499309028007187,-0.05646750965262303,-0.2515493740998277,0.7631361124211746,0.8772084497117422,0.46950860393169186,0.6926860357364938,1.219290527581126,0.6765373753768771
2.094691320516821,0.6837506513311823,2.051670924954071,2.3317780181777357,1.0528029893638307,0.24808350021354073,1.9169982669039964,2.300944017544775,-0.323501228577145,-0.8971804185849809,2.7645978114853245,0.06942508428468053,2.3877783056883812,2.721465938975258,1.1700444425287677,0.2106376097279308,0.596427218671073,2.075228613083031,-1.101294383840532,0.1775454875158758,1.8886927388131491,0.07845086063559065,1.7434301627932773,2.0204169229393476,0.3718200424227787,-0.26130219990635,0.6494610592363392,1.6097096059293727,-1.3278816245080223,-0.6980602654990692
-0.3653425005770595,0.6698521447310893,-0.2721231739740984,-0.43065866043601986,0.8998461273870839,1.4461555146831477,0.9992241258444153,0.5111688201595359,1.141997642450143,1.3929229696530114,-0.36182789557337613,-0.2667075804935949,-0.3034197289839206,-0.3485869068580902,0.020366765864404137,0.7512528416665215,0.4406037910029384,0.5457183489530506,-0.4297013940779775,0.6898510120427044,-0.22626844432217796,0.692505347202705,-0.06240776599732906,-0.31283929908409225,1.9160458240293516,1.791958212302716,1.682169740733986,1.2498267926681277,0.7731844433818017,2.220831648706146
-0.2864410721800051,-0.8983626833126798,-0.1922606696929933,-0.3542231302837637,3.0551473643321434,1.3825079389144497,1.4630454659497951,1.2088475853943565,0.4110939233987503,2.007923143808893,-0.05741559831176916,-0.5277047084390792,-0.22739437829986184,-0.12954368142729134,0.0824084614094513,0.2223779611971245,0.6796339033482323,0.36794281039972304,-0.587513881071652,1.2404493297671118,0.00276637648564759,-0.5765405917026646,-0.02973635610144612,-0.09876613170389467,2.273700296608531,1.0011668956500601,1.7268017481182518,1.2633788651340325,0.3676334577460521,3.1105033139954137
-0.2385366335103648,0.19498650256126313,-0.18775560534893096,-0.3117589468658437,0.5730746495276721,0.7666240439761676,0.12302120595917258,0.3321658376923538,0.5919741366993472,0.7301830559507856,-0.13073331807725647,-0.7054775455865201,-0.21894711711274426,-0.2060823950353249,-0.6419889893679136,-0.20530627089493533,-0.31521547562812946,-0.32394036667268683,-0.38342555202720063,-0.1652307778061386,0.22354769023733545,0.34044744157089296,0.16926223144620262,0.04253628900910698,0.8767440037110318,0.7627852688456022,0.43912085422325525,0.5195206653388236,1.2910418558089891,1.0346027616537916
-1.2355125394702902,-0.07371795837385844,-1.2276063662193262,-1.0350655377510811,0.809462527128098,-0.3616228359001328,-0.981465695840702,-0.7349771203730235,2.6739423061184686,1.0769982226551291,1.041271996409285,0.9519980169377994,0.8642899057058707,0.07409986288717665,2.1301310160470934,-0.3517811320820199,-0.7941531526298579,-0.17018854954548476,1.2552138805913293,0.17234064183853498,-1.0495557731719294,-0.45045473712754996,-1.0576977165528094,-0.8870570112565528,0.3213276462939543,-0.7450579812348637,-1.201580225737719,-1.036106675164072,0.4440642204235589,-0.20709330946906732
-0.7288526528349185,-2.0195088823868077,-0.7443358274926356,-0.6970506377444379,-0.6874289448534214,-0.8041606862448439,-0.9230439440657264,-1.0090324689212855,0.07148209434456705,-0.22741995494946765,-0.9904195223863049,-1.5407762050649398,-0.8748521034065845,-0.7092612293617728,-0.9705673546009002,-0.6564712059253827,-0.6728529348586828,-1.1075941595928958,-0.01203225556840261,-0.672703231346865,-0.816394198836035,-2.1370577268985578,-0.7773176170826891,-0.7335672567570547,-0.96622845499109,-0.5708804725830728,-0.9053471469393826,-1.0171337737118056,0.7466676481671568,-0.5228718326427262
-0.9373778564557053,-2.2534670768216976,-0.9474732742794482,-0.8428443341459632,0.0057437432866501706,-0.847777995521628,-0.7794566994160823,-0.8034718604635955,-1.5970455875303302,0.1938130410477112,-0.8409088781586442,-1.4577316643550133,-0.8654110467856884,-0.6623266788549848,0.30665972966445376,-0.8568398709996236,-0.6438062376622927,-0.9991670968896501,-0.9351759764787694,-0.6102450832187757,-0.9690840793745855,-2.2762434105204368,-1.0021563197298091,-0.8285931346865483,0.48122023403523423,-0.8054479933586596,-0.8034532236982812,-1.033998575002709,-1.2810872800115896,-0.37733912196269187
-0.4160648474037374,-0.2937776462086561,-0.37737785910355587,-0.48048330231304587,0.8164151117634048,0.5756813166700737,-0.10272162712403081,0.05614985903741005,-0.637273027159814,0.8312789749901083,-0.6267061282555536,-1.0500584645062814,-0.5821793481588028,-0.5032732559818338,-0.42293674587925595,-0.006838424629992484,-0.17875651275758833,-0.20222017811365198,-0.33596314992383974,-0.07377420376143619,-0.39546533897300384,-0.6174775574738056,-0.3597175960498612,-0.4405413618034674,0.8893671027432378,0.8377960207467382,0.40018654990932107,0.39152886982750207,0.49709781085284943,1.0675535640719127
0.12779142690453177,0.4845387233965234,0.22548166039278994,-0.029796768970855172,0.6634582497866581,1.5753226537431522,0.6661609294921477,1.0005624649702387,1.6181924897109,0.9295666740561155,-0.5472785985096089,-0.42093315609774473,-0.37646369336664387,-0.4423640694769422,-0.8568820130434955,0.30232416405877754,-0.1651408734467805,0.3102858789770223,-0.6978639659619655,-0.018751549458119434,0.27306873257416303,1.1935738082414706,0.4454841514750293,0.024343602342307896,0.8557055053240212,2.618347851891504,1.3293869589626057,2.3400157332586775,2.1099428844965598,2.396569261602792
1.5677424951507786,0.41967902592942485,1.5602093601472677,1.5504370432880077,0.9554668044695377,1.0717580101613953,1.343389428741758,2.0208540023045187,0.9426602645270361,-0.36923506360185065,1.2177376846683747,-0.7737825790708753,0.8533581559343066,1.235051942269092,-0.2683524094932727,0.8339943663065537,0.18311692314743855,1.441002367433322,0.24663783589491325,0.3009746850071004,1.5007779071746699,-0.06400978024797944,1.3394927313532734,1.458739800605166,0.5148818314544509,1.0939768090192625,0.8379600691464845,1.9319477734519936,1.0945056089239722,0.2042425407171434
1.7058199948456239,0.023571587826788584,1.7158388556694226,1.683491484664157,1.212712435975883,0.865839382674432,1.5395266443714266,1.9699285449881083,-0.33088409442614913,-0.29341312432235866,0.0946108500254915,-0.38893764041296786,0.06975045639992328,0.2802717130565645,0.7496166397570241,0.11224228312897318,0.7017214960079873,1.203968316028885,0.48513640646430123,0.09055020976603703,1.1830178855133624,-0.13933379726687894,1.1464344001503304,1.0524953410552862,1.4447834601603164,0.26568011641603895,1.2197061748587181,1.5449608152589396,0.18825513717639453,-0.1708474268091338
-0.3597066842629843,0.44747603912961004,-0.37983516692758995,-0.3986689755945201,-1.4146692977064967,-0.36480521468856775,-0.33598922131000775,-0.7604398490312287,-0.862450435554435,-0.2077624151362658,0.33253403867624,1.043670561877329,-0.15683490250158513,0.021694977894288744,-0.3165300389947339,1.098990870896928,0.5894681141344378,0.29266848326453027,0.7438064979276171,1.475782709321163,-0.391338585444935,0.17833705711717507,-0.4684242871579803,-0.4191693706706261,-1.6049572660207294,-0.3738183277580542,-0.42787962964557386,-0.8837211492141223,-0.6602823096922504,-0.12910974374618076
0.2066928553015862,-0.5786970315105523,0.12227473178336133,0.052017557747670945,-0.4600794272788946,-0.5973060649965759,-0.6789209568134534,-0.5032662895833568,-0.8882904660259491,-0.7848516196524007,-0.3736881149472049,-0.986966183577311,-0.6239187563775016,-0.3763982712622105,-0.40491346002259426,-0.4747752903307167,-0.534275983650905,-0.5287826313661157,-0.5827676408613159,-0.5923998980393216,0.00276637648564759,-0.8811116170399532,-0.1515116111679182,-0.18655026057184704,-0.4360582956384247,-0.6191924822821097,-0.7213113377676639,-0.5268499076119673,-0.6025692848133167,-0.8562241171060503
0.03761836587932643,-0.2937776462086561,-0.028030596786719528,-0.06291883203683257,-2.092546299648894,-0.9443725516882401,-0.7863646768219071,-0.88597110131618,-0.6594216247068255,-0.9491324880912999,-0.635331742345611,-0.9857079329604939,-0.5995707682499273,-0.4536265228306769,-1.3015719313915144,-0.6357858247653746,-0.6498576329115406,-1.0153430693165744,-1.1143465444189562,-0.670844357890672,-0.01580401439066257,-0.10822170328081161,-0.047557125135564204,-0.11201323364573858,-1.5868641574079005,-0.22697524564650792,-0.5575023744956233,-0.5932550626948998,-0.42943021017651617,-0.3899702628896387
0.4518508649638633,-1.8897894874526113,0.4462298132518459,0.26009205649547895,0.5869798187982858,0.510161753378767,0.3775061593201827,0.3456610838812024,-0.1093981189560298,-0.004166467070961928,-0.8761301356930451,-1.4924234313615412,-0.8569637855985707,-0.6073934880071769,-0.30855820101967185,-0.38812031520095297,0.033042320966089604,-0.14616482811935927,-1.028914220632907,-0.5596837252103223,0.14720274996806076,-1.9192730689960877,0.15144146241208495,-0.050899936687365525,0.9230287001624545,0.28920043692741204,0.6005557745493241,0.4592892321570252,-0.5526553173504556,-0.11263434253712057
-0.08636959303033066,1.170198382334419,0.017429597957909788,-0.1682300069132743,1.4143373903997756,1.225260987015314,0.5822783467071322,0.4851968369281665,1.7030954469744455,1.3690530998798394,0.2455590966014951,0.558345323962172,0.05285593402568809,-0.028641293217301043,0.9551514188531856,0.7501347129551693,0.07540208771082516,0.7331033760768284,0.4649648855703729,1.2021565365695333,-0.05913492643538579,1.1493618852086378,-0.04161686879085817,-0.16800431785326556,1.9875767185451878,0.9166208786767458,0.3047500234812626,0.5631884543956276,1.1537784452861197,1.891323624524937
-1.0021897440675716,-0.25903137970842516,-1.027335778560554,-0.8901211250179142,-1.0037715457598735,-1.0862692059019843,-0.8458226252077563,-0.9529380776872595,2.0611644406511376,-0.693584470519678,-0.8085628253209293,2.381011217465761,-0.7903794915354082,-0.6246319370179952,1.3156171359864202,-0.6615027851264657,-0.37330887002090973,-0.0756952452693917,-0.38579867213236857,0.2716044843992488,-1.1052669458008602,-0.4275300362957115,-1.1301688439582223,-0.9128447030366756,-1.4400154386665673,-1.188638512392599,-1.1113191129318787,-1.3925261810173633,-0.3311620867340081,-0.9061995007735334
-1.1064523458779656,-0.45361047210972005,-1.0998263593695572,-0.9458907525734491,-1.0649542905505722,-0.8157670088850183,-0.37941079357519225,-0.9631231691505416,0.5550598074543273,0.07446369218184345,-0.17997119850800042,1.2665606711420674,-0.05993984770817701,-0.40237086777184355,-0.7778568365950557,0.3386633471777106,0.7707074018494137,-0.13975850240572585,0.6144714521959593,0.31658922203912254,-0.993844600542999,-0.23758251511761747,-0.9504760895308673,-0.8467858213533472,-1.5523610200532036,-0.7164521860183286,-0.3865712823856679,-1.1893956726117485,-0.06755394607077074,-0.3169293175294699
0.7364595888246669,0.4984372299966156,0.7452022651759848,0.6063166986295865,0.01686787870314131,0.5794252917152913,0.5711762401620568,0.2965180175708665,0.30404236858819217,-0.8508447890252917,0.19668061675783685,-0.535074462051865,0.06975045639992328,0.1124841426845988,-0.39798142700080125,-0.008515617697020294,0.14166486569009004,0.05883759471691032,0.8861937042376997,-0.4076278764937238,0.7662157791784004,0.5074702619171481,0.7751683786062089,0.6109252763271561,1.015598093065301,0.8333462303797218,1.2676618423673447,1.0028779166227548,3.044269962941997,0.1355950356793913
0.7223700480394794,0.17645516042780604,0.6223368739742838,0.57262844645137,-1.4522132547371527,-0.5901925124106625,-0.6415438647783657,-0.6484038429351261,0.11947072236309271,-1.3156051946088454,-0.573155440779781,-1.1674352720465029,-0.5429244285245503,-0.39869333198286894,-1.4755659602385178,-0.5972103842237377,-0.545773634624476,-1.0066945296031693,-0.09627801930186822,-0.7663904535389992,0.5949555077635394,0.10465051872912089,0.5910204319203246,0.35481463878484054,-1.3154675282154649,0.25169506097684385,-0.12447694115040306,-0.4115067130688235,2.7541450270641152,-0.4190768050256449
-0.6922198467934286,0.13475964062752863,-0.683722234499797,-0.6769509242599558,0.39926003364500595,-0.1519602333679515,-0.5735743013746252,-0.6865979359224338,0.16745935038161938,0.27946375023380404,-0.7190720791365843,-0.6163215018806244,-0.7327393563762524,-0.5736061279459728,-0.5799472938228667,-0.44011330027881124,-0.41960204367765647,-1.0065343714603285,-0.7037967662248859,-0.4053972283462919,-0.607993145668554,0.47308321066938946,-0.6059412215379227,-0.5873192513190979,0.960897997259074,0.2796651718552337,0.008944272413200904,-0.5044136987517476,0.45966233525570316,0.30968510845513003
-0.7993003567608601,-1.4820999605165648,-0.8057685230934861,-0.7567835890856454,0.17260577453400952,-0.49734193128926807,-0.6889128527040215,-0.534330818546367,-0.16476961282355965,0.011278742782267806,-0.7776543748315571,-1.2368188060595584,-0.846528933543896,-0.6234827070839406,-0.1567466778424059,-0.7783472354627278,-0.5884359711316741,-0.4378128062325212,-0.4154626734469691,-0.3511181234254523,-0.8205209523641038,-1.5950523000886514,-0.8652334109843373,-0.7517599434238537,0.15301965919786997,-0.6465269088223542,-0.6951968653619762,-0.4095491914904152,-0.27812849630471764,-0.1999539689451408
1.5282917809522512,2.1616251864743505,1.7076478295893085,1.5617608255327864,-0.22647258353259134,1.9403602206518609,1.1090116239012737,1.677107165418749,0.2929680698146864,-0.04207743671070888,1.5663562541415255,-0.03303246594185248,2.131875981490406,1.51937142795419,-0.19695246936880534,1.2583242122645582,0.1924965857837728,0.5777499775212178,-0.12594202061646873,0.5541532497406054,1.8061576682517708,1.6946422692802363,2.114696184337399,1.8420226167891829,-0.17097321596209267,1.7830586315686832,0.7178334960803212,1.1956185028045094,-0.1455445202314918,0.9137831527873483
-0.1737247458984984,-0.12699556700754644,-0.15581060363648866,-0.27523974912643256,0.6982211729631914,0.2256196499422355,-0.033271782847613625,0.13432043601809973,-0.028186594616985833,-0.2569062646692704,-0.6942734386276694,0.20603515125339147,-0.6731116303495398,-0.4828169631556627,-0.5137463784647438,-0.31152849847335534,0.02336008856729287,0.3343096004031475,-0.8627958132711443,-0.48235458943268783,-0.3088035148835563,0.20944915110324183,-0.29912698133386084,-0.36724073105859784,0.4475586366160176,0.02920554262601642,0.3318141130653388,0.46079501798657047,-0.3826358656800835,-0.3844784624866184
0.8858087211476634,1.3856252346358535,0.8393990650972892,0.7741917704084301,-0.8723676961525787,0.1544841240831026,0.39354253544084744,0.22471312275472807,-1.2795823560231596,-1.2004681757029496,0.37098990149441224,0.8297679570184264,0.2063973285444733,0.41565099928819155,0.4106402249913482,1.002831801720674,0.5189693594806993,0.9349026360562814,-0.5317455586002031,-0.008341858103437773,0.8425607194476751,1.5620065001817391,0.7543774813997385,0.7080706905673447,0.48122023403523423,1.0157876354274005,1.0905582385978632,0.891449765236428,-0.6415645718936773,-0.24279001208869824
-1.3217405290756428,-0.25903137970842516,-1.3140216913645224,-1.0664890334803419,0.35059194119785997,-0.8065942700242352,-0.7573758430653209,-0.8778230281455542,-1.1356164719675816,0.97871052358912,0.3634424891656121,0.053247576354175485,0.19844696507424492,-0.22561930391425236,-0.03058367684577401,-0.9034658382629931,-0.2658966043467587,-0.8036140044809897,-0.11882266030096449,-0.38978269131426957,-0.882422255285138,-0.14752119042110726,-0.9388925896586906,-0.7833763600583877,0.047827167262817244,-0.9376703356928657,-0.7573967905464322,-0.9663887912561404,-0.7133159001215404,-0.13734744435071086
1.1535099960662414,-0.17100750457450628,1.1629445952617679,1.0691762978849144,1.3170012055054827,0.8583514325839966,1.0942088151745062,1.463220244689826,1.0275632217905817,0.06744314224855792,1.534369601890896,0.6751828812380429,0.9984522892659742,1.3449183239647078,-1.048552726096071,0.2497721146252434,-0.1239913857518945,-0.3780738189528895,0.7497392981905373,0.5073096386445386,0.8879550082564338,-0.29325678856636916,0.8226904293638563,0.7734230601471079,-0.1751809156394943,-0.14433628168762921,-0.05515488712803241,0.2680544318048158,0.17109721086103521,-0.21917527035571155
-0.5231453573711689,-0.35168809037570814,-0.5526658172179826,-0.5356867407563418,-0.6262462000627236,-0.699890981235536,-0.6955741166310668,-0.5603028017777363,0.5624426733033314,-0.9336872782380702,-0.26083633060228806,1.0131130468974854,-0.3918675225902112,-0.33341707172857,-0.3591620420787606,-0.11417878091976444,-0.35333926569839147,-0.13335217669209268,0.6358295331424716,-0.5555942036066974,-0.4532398883659691,0.484545561085309,-0.5465386580908633,-0.48204894788791164,-0.34348890273557864,-0.4634498194365304,-0.6467663892641556,-0.2917967396199994,0.8480553945760934,-0.8183306943252114
0.4659404057490513,-0.3586373436757546,0.4789939175722994,0.35577801646385854,0.08639372505620778,0.4970578407205061,0.13622037707387358,0.4462388620811126,0.10470499066508537,-0.2526939347092983,0.35589507683681193,-0.41787740459976036,0.346025586990359,0.31865599285398666,-0.39971443525624945,0.864742905868728,-0.13185819957591682,0.1981751789884372,-0.040509696830419134,0.14222689184820633,0.8508142265038136,0.22254898015000724,0.8642722237767981,0.7345648944510325,0.3129122469391499,1.9610502462493447,0.5820382395707457,0.9983605591341199,1.3737118644193531,1.1499305701172153
-0.3484350516348334,-1.234243259481582,-0.28481926439827426,-0.40518015038526767,-0.5741018152979237,0.598145166941379,0.6032489924033861,-0.2224123924833541,-0.8033875087624036,0.20645003092762554,-0.7341669037941846,-1.3969761345715603,-0.23584163948697967,-0.5503916832780706,-0.49329688105045455,1.7206704344085233,1.4920337155597685,0.33911434468837265,-0.9209372558477613,1.4103503636631647,-0.3934019622089694,-1.3461555482001144,-0.07131815051438789,-0.43100344840533983,-0.2845811072519487,2.113614487404198,2.3682681521197795,0.6234198875774255,-0.42475077572687253,1.863864622509836
0.6265611707001988,0.8922282503325694,0.7001516217353613,0.5239361827988216,0.10864199588918909,0.8808152828553019,1.1423179435365005,0.998016192104418,1.3339521545242465,-0.06173497652391072,0.08778223887086292,-0.35119012190845544,0.05186213859190943,0.11960936827573712,-0.44685225980444154,0.7842376386513993,0.8608731910632081,0.7971666332131623,1.3703102056919791,0.12029218506512732,0.6362230430442286,0.8366034667171215,0.6504229953673845,0.4978833397567547,0.3928585408097892,1.3609642310402559,2.064390655035414,1.6578947524748113,2.9834373150966345,0.6743406552156691
-1.3135685954202336,0.3640849995290552,-1.302144703548358,-1.0925337326433329,0.5939324034335927,-0.4664541371662235,-0.8237417688569948,-0.8528695540605133,-0.3567241248976633,0.8944639243896839,-0.6170023124042391,1.4265382495659529,-0.6000676659668166,-0.5998085704424168,1.2462968057684902,-0.4244594983198862,-0.45772583374791853,-0.36029626509755674,0.28104807741985005,0.17680193813339876,-1.2146259142946867,0.92338983415194,-1.199075817556811,-0.9757242802539612,0.9524825979042695,-0.5467244677335544,-0.8536879724350405,-0.745791167227804,-0.05195583123862653,0.4530210989739563
0.7646386703950439,0.005040245693332323,0.6755785434950213,0.6366078161343696,-1.4883666948407466,-0.5694134509097052,-0.45638539895438296,-0.5302567819610543,0.11208785651408955,-1.3956394638483094,0.2592163189107525,1.5146157927431478,0.3037892810547709,0.1451222728117483,-1.2066030789929507,0.08205280792247491,-0.051677212523381595,-0.07729682669779998,-0.6195510024914205,-0.8336816726531908,0.3968713384162305,0.3519097919868125,0.3831114598556166,0.2629680653213895,-1.869200805761582,-0.5174829881788742,-0.4069880517210237,-0.4568308665381267,-0.5994496618468882,-1.3257730515642738
1.277497954975899,-0.5370015117102749,1.207995238702392,1.1937379025774797,0.6634582497866581,0.13763623637962377,0.705635086096861,0.9705164451535566,0.5624426733033314,-0.06875552645719722,1.0998542921042576,0.653612870664036,1.007396448169981,1.1532267709644073,0.40821401343372066,-0.23102323125602642,0.034857739540863915,0.7090796546507029,0.0033930251151894192,0.30060291031586167,1.2284121743221204,-0.16717093399125507,1.1286136311162127,1.1761349591791626,0.7631361124211746,-0.14815038771650046,0.2529958872590816,0.7935736863160058,-0.02699884750719596,0.03839016854593402
1.0774264758262244,0.132443222860847,0.9131182998183096,0.9247980742639865,-0.8230043452419015,-0.6632000257924041,-0.19203190644219448,0.18906530263324092,1.1641462399971554,-1.736838190606023,0.5169065398512155,-0.006069952724343943,0.2431677595942796,0.31589784101225576,-1.005227519709865,-0.9347734421808431,-0.2831430808071154,-0.2754124493919137,3.526289821237141,-0.6912919659087965,0.8838282547283642,0.31261030484651686,0.6474528671950308,0.6674462446123567,-1.0503824485391322,-0.8404106319566468,-0.23273329948670818,0.057244415668521585,3.0739063811230714,-1.2494370259622938
-0.8584764280586508,-0.14089407360763945,-0.7619465335648797,-0.8315205519011845,1.7897769607063343,2.110711085209258,0.9918227214810315,0.38538294058800254,1.4114722459387878,2.3701835203664667,-0.7021802515435553,-0.3422026175026194,-0.5707507006703495,-0.6046353361654458,0.1666326626242359,1.137566311438565,0.41185966356901066,0.2894653204077137,-0.3608809110281044,0.25041332699864677,-0.630690290072933,1.1297121416384905,-0.4645631205339211,-0.6623861623228801,3.628579592732009,4.35758020105683,2.6887639498259452,2.07349164142922,1.9383636213429731,3.099519713189373
-0.8246615301741991,2.3006102524752756,-0.8696585265183707,-0.7624454802080347,-1.485585660986624,-1.2554968779458162,-1.0916726068114855,-1.2358289930799187,-2.7819955562954677,-1.0670777269705098,-0.33307584860651834,4.814827410566215,-0.41074963583200363,-0.4019111757982217,0.2321403746801794,-0.9092801075620225,-0.9763304066084671,-1.8550522122310757,-0.0630543378295154,-0.7392509010785793,-0.9030560229254825,2.0270504313419,-0.9567133586928087,-0.7833763600583877,-1.6617612116656582,-1.2552582310302185,-1.3005778165847348,-1.7271117923422528,-2.0984284972159455,-1.3625681142645092
-0.19345010299776214,0.49612081222993315,-0.23444445400557673,-0.26136811587657877,-0.9898663764892608,-0.7925543636046696,-0.7080331473094293,-0.7186809740317722,-0.1093981189560298,-0.9477283781046422,-0.6047826924433246,-0.7026015441766524,-0.6437946650530726,-0.4543160607911096,-1.2630991481205633,-0.7895285225762457,-0.5557584367857352,-0.7530040313432856,-0.7856694098531831,-0.920305175711791,-0.07564194054766189,0.7088801335111615,-0.14557135482321218,-0.16818094587915686,-0.957813055636286,-0.3058001035765154,-0.3106019081145767,-0.05267794988826032,0.12898230081424616,-0.6810356842497072
-0.27235153139481655,0.2552133644949968,-0.3212693304547789,-0.33016009301360905,-1.56484512582912,-0.9340766203138919,-0.8696304759099739,-0.916017121132862,-0.37148985659567063,-0.5250912721208066,-0.298573392246289,0.45948277549797345,-0.2691337865185608,-0.3269813840978645,0.3042335181068262,-0.2584173846841453,-0.5705843551463927,-0.9639323054646661,0.052041987271134266,-0.3942439876091332,-0.3707048178045904,0.4157714585897925,-0.3597175960498612,-0.4147536700233448,-0.8568282633786356,-0.5581667858201684,-0.9350701646229469,-1.0954346368481431,-0.3498798245325808,-0.5256177328442366
0.6124716299150103,-0.865932834579131,0.5240445610129234,0.46561870423821144,-0.1103644201229701,-0.665072013315013,-0.410003264943845,-0.07396468440601829,-0.3788727224446748,-0.849440679038634,-0.7190720791365843,-1.342332107784076,-0.8554730924479029,-0.4510982169757568,0.16282004446224985,-0.7330630226529803,-0.2289830933263463,0.43681081182128234,-0.8283855717462076,-0.4433182468526319,0.21116742965312893,-1.3363306764150402,0.07124800175855465,0.07962817444626992,0.13618886048826107,-0.7393368221915566,-0.37612549342339285,0.3162395783502542,-0.9535268685365611,-0.6349045608643374
-0.07228005224514264,-0.7477955284783444,-0.13860944886825047,-0.17445808714790237,-0.5859212091779452,-0.8934544910732819,-0.906390784248113,-0.7041672186965954,-1.4383139717767448,-0.5321118220540931,-0.5479973996837803,0.26175767856957605,-0.5618065417663425,-0.4494892950680805,-0.44581245485117277,-0.9617762505599892,-0.8173602534107236,-0.8873767131867468,-0.5910735612294039,-0.6225136480296505,-0.24483883519848812,-0.05582238709375172,-0.31665073755074347,-0.3333281500874775,-0.7095587746695617,-0.9637333935568199,-1.0496414771955365,-0.8904971854470746,-0.8568185565772674,-0.6991586255796736
-0.06382632777402933,-0.652822400044379,-0.12017964018799522,-0.15832169744909297,-1.9173411668391669,-0.9258398752144134,-0.817327218408729,-0.8948830563465519,-0.0023465641454727274,-1.019337987424163,-0.9030851797244743,-1.1525160147328144,-0.7332362540931417,-0.6037159522182022,-1.253394301890053,-0.67044781481728,-0.676665313865709,-1.0811680660241578,-0.8616092532185603,-0.6195394504997414,-0.23864870490638448,-0.6747893095534025,-0.18418302106380072,-0.2900542837441208,-1.6125311254400532,-0.32932042408788864,-0.6434427291397953,-0.7902118491993804,-0.3623583163982957,-0.37788830200299367
-1.5373105030890244,-1.1554850554143912,-1.5351793955275839,-1.2119996353257478,-0.3112941160833323,-1.1210881738225071,-1.0916726068114855,-1.2358289930799187,-0.33826696027515335,0.648744676724663,-0.6698341987058403,-0.7730635787184086,-0.711869652266903,-0.6650848306967158,0.7790777800996442,-0.957974612941393,-0.9763304066084671,-1.8550522122310757,0.7936420201361459,-0.1347452531245711,-1.4515015668058433,-1.4542291378359267,-1.4565859300998136,-1.1020133187662065,-0.671689477572943,-1.1559007689781204,-1.3005778165847348,-1.7271117923422528,-0.49806191543795086,-0.29551129595769193
-0.3230738782214944,-0.02044034974017045,-0.30242997047051834,-0.4000844483751174,-0.0046851336663096075,0.18443592444484286,-0.21497625996868402,-0.4846784976628671,-0.19430107621957535,0.3903884391797276,-0.4973219169046934,-1.1701315233682537,-0.20006500387095197,-0.4515579089493787,-0.4149649079041939,0.41413703519395667,0.35285855988884324,-0.28374067281963716,0.8411044222395068,0.30134645969833873,-0.38721183191686614,-0.6502271300907182,-0.2432885716936251,-0.43948159364812006,-0.14151931822027766,0.46337794557920264,0.33228892165453305,-0.24270812157683383,1.0679888137093265,0.428307997160366
-1.0810911724646266,1.8929207255392289,-1.0744341785212055,-0.9453245634612102,-0.38638203014464384,-0.48798199367622425,-0.35165552721250326,-0.5386594824182619,-0.8144618075359094,-0.18950898530972166,-0.6716312016412689,1.836368450472085,-0.7108758568331244,-0.593832574785333,1.776597331935652,0.12398263459816689,0.4772147322608885,0.9012694260597056,-0.2362921055067825,0.43741599669167636,-1.125900713441205,1.4719451754852284,-1.1236345619790458,-0.9282113412892145,0.2624198508103243,-0.5174829881788742,-0.35096063819609385,-0.3527810657165702,-1.0689529182944284,-0.05661797842631453
-0.9768285706542327,-0.9933358117466452,-0.9998958411921739,-0.8654918986355205,-0.5518535444649424,-1.1162210062637243,-1.0916726068114855,-1.2358289930799187,0.422168222172256,-0.4029337032816255,-0.2726965499761168,1.2719531737855694,-0.3541032961066266,-0.4209883927035274,0.6199876222494959,-0.8370489928086968,-0.9763304066084671,-1.8550522122310757,1.4509962892676924,-1.025889188023561,-0.9814643399587923,-1.1005337535732687,-1.0158189093226326,-0.8386609321623496,-1.0335516498295239,-1.1728099723727832,-1.3005778165847348,-1.7271117923422528,-0.3140041604186488,-1.220330483826287
2.148231575500537,0.35945216399569035,2.268733116077077,2.3657493649120718,-0.12844114017476807,1.749417493345767,1.6160078227930585,1.5345158849328002,-0.34195839319965493,-0.0954336162036846,2.7322517586476094,0.2419851688767365,2.9810741796541738,2.677795201481185,-0.42882897394777986,1.3673417616213577,0.9386336200160441,0.6450163975143688,-0.1401807412474768,0.3169609967303612,2.4540579721585933,0.3699220569261144,2.628528358154463,2.6509789753711175,-0.20884251305871093,1.3991052913289688,1.456635660866684,1.045039919850014,-0.12214734798327549,0.25916054474734507
0.3757673447238465,0.009673081226696387,0.4011791698112225,0.2649046639495097,0.9276564659283113,0.3678907016605015,0.7167371926419367,0.8233418735091308,0.4332425209457618,-0.6542693908932753,0.24268389190480924,-0.7755800799520426,0.11248366005240067,0.18419609056960337,-0.23715826089520445,-0.5759659387080538,-0.12520166480174413,-0.10452371098074205,-0.7654978889592547,-0.48346991350640367,0.6114625218758155,0.012951715401765356,0.5197373557838536,0.48198681742654204,0.9440671985494651,-0.08267490088754262,0.4994215450509339,0.5526479535888128,-0.11590810205041763,-0.20160150906604699
-0.258261990609628,1.9971595250399226,-0.2876861235263143,-0.3310093766819676,-0.6359798185521529,-0.6341842191919684,-0.723206026254366,-0.40192462952370034,-0.6852616551783397,-0.6753310406931339,-0.6170023124042391,0.682372884762712,-0.6601922897104187,-0.5159147852564339,-0.6763025528257888,-0.6385811465437541,-0.5230809024397963,-0.3948904239511771,-0.37749275176428077,-0.8991140183111892,-0.39752871573703863,1.8420153460563435,-0.4431781976929798,-0.44778311086500877,-1.0503824485391322,-0.7266231354286521,-0.7963310948603664,-0.5288074291903758,-0.6836794819404667,-1.0671092525820243
-0.6161363265534118,0.30617455536200316,-0.5747815876342883,-0.6067434743423281,-0.6818668771451764,-0.028970653132556045,-0.28072540206340924,-0.27053694964736186,-0.8329189721584193,0.7077172961642684,-0.4764766828537216,0.31029020236109156,0.1641610226088851,-0.42259731461120376,-0.07113607002326283,1.4769183753338333,0.3510431413140689,0.7603302603597705,-0.2018818639818457,1.581366721632933,-0.630690290072933,0.22418645878085253,-0.45149455657556814,-0.5952675124842043,-0.8652436627334394,0.1836768367953052,-0.17765550314016704,0.01207084078217303,-0.696157973806182,0.8758897300065087
1.821354229284168,0.4173626081627424,1.8796593772716905,1.8816576739477837,0.8789883734811644,1.1559974486787896,1.6073728510357774,1.6185428895048775,0.12685358821209688,-0.0561185365772819,0.6599479735113333,-0.0024749509620094444,0.6650339212332724,0.7997236432492252,-0.08950595753101423,0.15473117416034124,0.25270796851378996,0.5136867203848834,-1.09773470368278,-0.012803154398301412,1.5606158333316693,0.7923915436842893,1.657296445795041,1.5488200938097045,0.5990358250024931,0.6820533579011592,1.1584558668526508,1.454613665486242,-0.6727608015579657,0.33659493042992905
1.711455811159699,1.7122401397380262,1.7117433426293651,1.6381963556850425,0.22196912544468683,1.2027971367440087,0.9326114865739616,1.9852061821830311,0.2265222771736508,-0.33974875388204884,2.046156037900965,1.2126356447070499,2.1169690499837275,1.4550145516471344,0.5250187698509323,1.2074493558980517,0.8100414709695254,2.2065582902125165,1.979015512667581,0.19501889800409136,1.628707266544807,1.2918225260922092,1.5622523442797462,1.3916211507664902,-0.18359631499429874,0.566994492696874,0.4576383892018338,1.5133393128384955,0.5610500816646405,-0.4141341846629272
0.23205402871492514,-0.43276271220958135,0.20254678736847234,0.0644737182169274,1.449100313576309,0.5213936785144199,0.8067876123964386,0.9600767264036923,0.5292197769828141,-0.06454319649722512,3.1958785159881917,0.42173525699346104,2.7584640024877793,1.4159407338892798,1.0660639472018731,0.5399265152210329,1.0136709211067185,2.6309773687407305,3.70902006933508,-0.32509389503874847,0.4649627716293683,-0.7353760188946913,0.4157828697514996,0.1559314816312907,0.37602774210018153,-0.22888229866094353,0.2924050001622103,0.783033185509191,0.7841031237643022,-0.6804865042094046
0.2095107634586238,-0.6412403112109684,0.2758564707854875,0.07692987868618388,1.4143373903997756,1.1653573862918334,0.9930562888749289,1.0362102850917259,1.267506361883211,0.7105255161375839,0.07124981186491951,-0.48258743632178136,0.06030939977902703,0.020315901973423225,0.021059969166583526,0.02726450106623709,-0.06529285183418944,0.18055778327594546,-0.5222530781795309,0.04556547212616311,0.5186105674942639,0.23728628782761796,0.5850801755756186,0.3742437216328783,2.3410234914469643,1.2433626284833899,0.9329217869853484,1.3251160841453757,1.0508308873939682,1.2432911769685575
2.041151065533106,-1.0049179005800557,2.023002333673675,2.068500080986632,0.29497126411540625,0.9145110582622595,1.2915795981980722,1.9597434535248262,0.5882827037748456,-0.11087882605691432,-0.2349594883321161,0.16469263098654455,-0.22888507145052972,-0.028411447230490015,-0.8658936559718263,0.08987970890193732,0.06360186697479162,0.29587164612134687,-0.4356341943408974,0.2251326479944203,1.3192007519396372,-0.6682393950300202,1.3276122186638615,1.1514070355543873,-0.5454584872508796,0.20084031392522605,0.6100519463332105,1.2332631485431333,-0.2828079307543604,0.1537179770093577
-0.37379622504817234,-0.45824330764308413,-0.36263401215935176,-0.41622083807392696,-1.0719068751858791,-0.2564171371295204,-0.18006630272139082,-0.1961857819654029,-0.8845990331014465,-0.7188584502795087,-0.15409435623782847,0.08560259221518558,-0.09919476734242944,-0.22355069003295416,-0.5210250131376265,0.5382493221540053,0.39884916378312757,0.36153648468608957,-0.20544154413959803,0.1136002406228321,-0.5275214518712097,-0.7959627282359801,-0.4954524535263922,-0.5159615288590321,-1.5494156302790223,-0.4526431856880616,-0.39796668852633166,-0.4779118681517561,-1.4401880512994603,-0.7321094279977948
-0.5485065307845078,0.25058052896163274,-0.6014024223946571,-0.5566357379091825,-1.0934598875553292,-1.1656414768605956,-0.7977134968457621,-0.7851386958296876,-0.2755126005586193,-0.8213584793054889,-0.7704663630898427,0.6356378618523635,-0.8370878769229997,-0.588775963075493,-0.6392161761591963,-1.0646999984399215,-0.6528833305361647,-0.7664573153419159,-0.7061698863300537,-0.8288486016670886,-0.6100565224325885,1.1329870989001825,-0.6778183233088647,-0.5922648360440531,-0.835789764991625,-1.0411597459429078,-0.7569219819572379,-0.608162342407395,-0.3389611441500802,-0.8282159350506476
0.6970088746261404,2.0017923605732864,0.6714830304549643,0.5740439192319674,-0.786155646674776,-0.006506802861250788,0.04950058928289422,0.1142048803781177,-0.8255361063094151,-0.8620776689185493,0.1783511868164648,-0.2559225752065914,0.27695680434275,0.18971239425306513,-0.3539630173124158,0.6802516684956827,0.4548245698386712,0.6386100718007354,-0.8592361331133921,0.0485396696560722,0.5536879724828503,1.3425843636484232,0.5731996628862069,0.4254658491413414,-0.7684665701531912,0.3623041358141126,0.31519581244353756,0.4080925139524969,-1.0814314101601437,-0.31088833708614777
-0.8049361730749353,-1.500631302650021,-0.7676802518209591,-0.7615961965396763,1.9357812380477741,0.15822809912832023,-0.11715436563262913,0.17735244745046652,0.754397185377435,0.9155255741895425,-0.5411687885291517,-0.4162596538067098,-0.526029906150315,-0.557516908869209,-0.10025060871479324,-0.41216008249501646,-0.34063133567497084,0.009188570436251074,0.07814630842798286,-0.015033802545733149,-0.7132253606343117,-0.8827490956707985,-0.667422874705629,-0.7189071306080808,1.2133599779032005,-0.06042594905245984,-0.23368291666509672,0.257513930998001,0.6733565084560785,0.4552178191351643
0.9083519864039652,0.8389506416988814,0.7820618825364952,0.7863648363215674,-0.6422371447239285,-0.7440698867691027,-0.7350482732357799,-0.5134513810466389,-0.9215133623464664,-1.3408791743686759,-0.021834940190282554,0.17907263803588255,-0.14441245957935336,0.09455615571334766,-0.41531150955528356,-0.7872922651535421,-0.5993284825803203,-0.6264790984990255,-0.7488860482230786,-0.8117469658701117,0.733201750953849,0.9086525264743293,0.6177515854715011,0.5914961934791183,-0.34348890273557864,-0.6598762799234038,-0.7255846150704128,-0.4870971617119803,-0.7164355230879694,-1.0275682896802791
-0.7344884691489937,-1.044297002613651,-0.7386021092365562,-0.704977285315783,0.37840227973908636,-0.45990218083709283,-0.5577846387327399,-0.49002567068109015,0.2560537405696665,-0.13194047585677385,-0.5411687885291517,-0.32243010780977943,-0.5871483253276956,-0.4982166442719937,-0.0908923641353727,-0.719086413761083,-0.3394210566251213,-0.2438612952522692,-0.43326107423572946,-0.363386688236327,-0.7524295191509665,-0.7746755060349864,-0.7877130656859247,-0.6911765305431542,0.28345834919733487,-0.5988505834614626,-0.4440231216781807,-0.2803527673154578,-0.385755488646512,-0.3169293175294699
-1.6646799517871267,0.29227604876191016,-1.5822777954882359,-1.2779606669015835,-0.12566010632064553,0.5213936785144199,0.5378699205268299,-0.6837970357700311,1.5074495019758403,2.806861726216875,-0.7665129566318997,1.3384607063887575,-0.8072740139096434,-0.6915171191799705,1.9083059593497185,1.6222751078095659,1.3694929617624976,-0.21823599239773545,0.31664487899737037,2.9810984341463658,-1.4865789717944293,0.6220937660763426,-1.4649022889824022,-1.1186163531999842,1.2975139714512427,1.1352962909987019,1.2543672018699035,-0.5407031372437809,0.6406004673085759,3.5553391466400464
0.8266326498498722,0.36176858176237275,0.8148259868569486,0.7453161256842447,1.11537625108159,0.05526878538483828,0.7685470231856225,1.2936384718261795,-0.3198097956526434,-0.268139144562528,1.471115098563809,1.638643353543688,1.5942326518162124,1.0773775953168065,-0.1626389059109301,-0.4009787953814986,0.38583866399724454,0.938105798913098,-0.25290394624295853,-0.010572506250869512,0.9684267020537773,1.1837489364563965,1.063270811324447,0.8458405507625213,0.5359203298414614,-0.2994432601950631,0.5606718530570013,1.0239589182363844,-0.449707759458304,-0.43225712599289356
-0.3033485211222307,-0.19648810000800906,-0.2790855461421949,-0.40574633949750677,0.8581306195752448,0.5195216909918108,0.09292216154807882,0.1908476936393153,0.817151545093968,0.3356281497000942,-0.34565486915451865,0.5259903081011614,-0.13795278925979287,-0.43041207816277477,0.30596652636227434,0.7926236039865376,0.5704062190993068,1.1495145474630009,0.9704394679711649,0.7262849317840899,-0.43466949748965894,-0.1753583271454828,-0.39149796749403826,-0.5156082728072495,0.08990416403683833,0.08514576438279577,-0.07889531658774845,0.16716678122530348,0.3145998673167625,-0.03794585705604636
0.22360030424381233,-1.044297002613651,0.1861647352082459,0.08938603915544034,-1.0343629181552234,-0.3211879054117836,-0.4083996273317785,-0.41567450299913106,-0.46746711263272295,-0.8325913591987475,-0.5828592566310954,-1.4091991405634976,-0.5175826449631973,-0.39041887645767615,-1.2662185629803702,-0.41607353298474775,-0.27739425532032985,-0.5098839705108971,-1.0609513420526753,-0.5139554381879712,0.1822801549566463,-1.2610066593961413,0.1365908215503201,0.04147652085375943,-1.079836346280947,0.16969178135611046,0.19554404796656882,2.455414581323604e-05,-0.3483200130493666,-0.06210977882933485
-1.2848259322184494,-0.817288061478807,-1.2980491905083011,-1.063658087919147,-0.7798983205029996,-1.1564687379998129,-0.8878872733396537,-0.8113653063476388,-0.9695019903649931,0.19802537100768328,-0.6885230292342979,-0.6961305410044504,-0.8211871499825429,-0.6356645443849189,1.6344906549888962,-0.8241905126281512,-0.6174826683280641,-0.31385040367371436,0.4044503228885879,-0.08232502165992463,-1.1939921466543422,-1.1070836680966512,-1.2373904709801646,-0.9665396229076162,0.7673438120985774,-0.9996495586620248,-0.9605673858626819,-0.6396332662448845,-0.24069302070757134,-0.11428188265802598
-0.6414974999667508,-0.45824330764308413,-0.6702070414676093,-0.6302403225002439,-0.843862099147821,-0.8653746782341505,-0.7600896913318949,-0.6552787796728414,0.2265222771736508,-0.7680022998125132,-0.7179938773753272,0.03707006842367004,-0.8117460933616468,-0.6071636420203659,0.23248697633126908,-0.5670209090172394,-0.5491019020115624,-0.4812156629423875,-0.2968066681885675,-0.7351613794749545,-0.6678310718255533,-0.0279852503693756,-0.6846496181052766,-0.6452532438114287,0.1993043556492927,-0.4869701399479035,-0.6757297132050091,-0.35082354413816186,0.29588212951818893,-0.7573717098516876
-0.6161363265534118,-0.27756272184188224,-0.6632446692995134,-0.6163686892503899,-0.9210357885997247,-1.032168766498591,-0.8484131167349406,-0.8923367834807312,0.2006822467021367,-0.21337885508289461,-0.6450355581969255,-1.0505977147706316,-0.6696333463313148,-0.5246489327552486,0.09904534066175452,-0.9371215124746819,-0.5796614480202645,-0.5737870695043905,-0.054748417461427605,-0.41878111723088246,-0.6595775647694156,-0.751750805203148,-0.7048464896772766,-0.6286502093776508,-0.7474280717661806,-1.0383627348550688,-0.8636114719492016,-0.7790690340607477,-0.1970182991775672,-0.5371505136905791
-0.21317546009702587,-0.706100008678067,-0.2377208644376226,-0.28826209870792807,-1.7178019878058657,-0.550319178179096,-0.09346987166980116,-0.5228725906501748,-1.445696837625749,-0.6163584212535294,-0.8728955304092736,-0.1390850179307204,-0.8172119682474288,-0.5892356550491148,-0.3484173908949816,0.42252300052909497,0.5235079059176354,-0.19261068954320168,-0.9897577388976343,0.11694621284397955,-0.4202258601414176,-0.5192288396230671,-0.4577318257375096,-0.44336741021772746,-1.2481443333770315,0.004413853438352683,0.2700889964700771,-0.3752172745767901,-1.346599362306595,-0.41633090482413515
-0.379432041362248,-0.6829358310112467,-0.43143863123230397,-0.4326403223288561,0.17051999914341737,-0.9417517691565879,-0.6410504378208067,-0.5065764443089235,-0.8255361063094151,-0.8550571189852638,-0.6108925024237818,-0.618658253026142,-0.6939813344588891,-0.5048821778895102,0.35968978228117005,-1.09187052612577,-0.49675733310556774,-0.46776237894375744,0.25138407610524954,-0.6898048671438419,-0.5852960012641747,-1.0088349502459126,-0.6454439262302172,-0.5797242462057741,-0.10785772080106103,-1.1556464952428622,-0.8072516924118359,-0.8414085674039089,-0.8240625154297643,-1.0852321939119907
0.15878841663194593,-1.264356690448449,0.2586553160172493,0.0021929158706447513,0.5035488031746056,1.515419053019672,0.6970001143395799,0.36832291238700504,1.0054146242435702,1.606347687624916,0.5010929140194439,0.5277878089823286,0.9577066764810539,0.21039853306604733,1.0577455075757218,1.5261160386333121,0.6206327996680647,0.6754464446541277,0.7248215370862732,0.6255339904584221,0.03371702794616501,-1.2413569158259934,0.19896351316973235,-0.13055917636432005,-0.04053452596262658,0.7062093627506774,0.22783103203178276,-0.05870109320644011,-0.13150621688256184,0.45137355885305014
0.7477312214528182,-0.14784332690768512,0.7124381608555312,0.6538765840576568,-0.5010996766272033,-0.20269109523064902,-0.05276214767119073,0.43860004348365117,0.2929680698146864,-1.0221462073974774,0.6908564240007052,0.312087703242259,0.626772797032798,0.6215930034707685,-0.2777106540726933,-0.024728484011621175,-0.1817822103822124,0.7138843989359278,0.05797478753405454,-0.09979843214814017,0.7744692862345381,0.06207607432713462,0.6920047897803254,0.6656799643534442,-0.6464432795085302,-0.25748809387747856,-0.1999715068323,0.4924165204070144,-0.15802301209720665,-0.6360029209449418
-0.4696051023874529,-1.5307447336168882,-0.5354646624497443,-0.5039801504709617,-1.5391205626784856,-1.1647054830992913,-1.0031888176472332,-0.9432622407971416,-0.7406331490458695,-0.3495775237886488,-0.2845567693499457,0.4828502869531475,-0.3774574888004223,-0.36076874415906846,1.201238591126836,-0.8448758937881593,-0.7822016470125932,-0.5906036745026784,0.9811185084444211,0.393918357816757,-0.6410071738931055,-1.56557768473343,-0.7176180408183946,-0.6166395036170458,-1.5893887772143418,-1.1927704605905431,-1.2210948587536057,-1.3235611900242041,-0.9847230982008496,-0.7458389290053452
-0.7429421936201065,-1.123055206680842,-0.7336874935884886,-0.7089406091014556,0.6078375727042054,-0.3812787048875247,-0.43689503413080577,-0.7344678657998595,-0.12785528357853976,0.43812817872607546,-0.7309322985104132,-0.09234999502037192,-0.646279153637519,-0.596590726627064,-0.6818481792432233,-0.2237553946322399,0.2811495261852552,-0.5677010600764388,-0.2362921055067825,-0.054813694508266245,-0.8040139382518281,-0.6584145232449465,-0.7532595788866299,-0.7339205128088372,0.1277734611334566,-0.32677768673530766,-0.06797471903627897,-0.608162342407395,0.0463122922038815,0.4359965177245943
0.5589313749312943,-0.3215746594088413,0.5404266131731499,0.4463682744220879,0.09404156815504501,0.20689977471614784,0.07367851020328108,0.2774209710772126,0.17484221623062254,-0.019611676924192637,1.0714616457244854,0.20603515125339147,0.8275194746560646,0.776509198581323,-0.05345938581769083,-0.3221507212311973,-0.04834894513629526,0.013993314721476224,-0.1983221838240938,-0.1217331389312192,0.7476453883020903,-0.1065842246499663,0.6415126108503252,0.6179903973628061,-0.032119126607823296,-0.1831130263144877,0.029835850337751074,0.10392377638441534,-0.1860996187950666,-0.1252654834640666
-0.24980826613851523,0.1602402360610314,-0.2061854140291856,-0.31827012165659163,-0.9050448439385198,0.3678907016605015,0.154230461024774,-0.5144698901929671,-0.7849303441398936,0.23874456062074367,-0.45203744293189235,-0.7259690556318267,0.2491305321969509,-0.37892657711713057,-0.6915530254737332,2.3160739732033524,1.3483130783901296,0.3359111818315558,-0.6124316421759164,1.6252361351990912,-0.17674740198535074,-0.06892221614051655,0.22569466672090924,-0.26426659196399793,-0.5075891901542607,1.984570566760718,1.8122672941732296,0.3162395783502542,-0.10342961018470277,2.2537824511242674
0.15597050847490831,0.1602402360610314,0.11613146222327606,0.08259176980857322,0.19554930383052122,-0.5737190222117056,-0.1794495190244421,0.10325590705508948,-0.8403018380074234,-0.4773515325744597,0.23693348251143773,0.04066507018600454,0.16267032945821722,0.11731090840762796,-0.4180843227640008,-0.755984661235692,-0.3717960212085977,-0.07889840812620855,-0.7500726082756626,-0.6232571974121276,0.5722583633591604,0.8120412872544366,0.475185433198559,0.45019377276611666,0.5990358250024931,-0.4151378097374936,0.0830144123275149,0.6956976073955834,0.18357570272675092,-0.09341304112654983
-1.3690813861138755,-1.5214790625501602,-1.2456266235955755,-1.1511343057600625,4.69595733826451,2.2698300246310024,0.10858846745057428,0.10147351604901511,2.08331303819815,4.549362219658535,0.002963700318632365,-0.22356755934558092,0.0727318427012588,-0.4655785141448443,0.9908513889154195,1.1336528609488337,0.07752007604806195,1.649207953126408,0.5931133712494471,2.4866380947989906,-1.241449812227135,-1.5623027274717387,-1.139079228475281,-1.029595828150793,2.4420082837046153,0.5828866011505045,-0.30395458786585616,-0.1836813170586716,0.1976140060756809,2.2702578523333283
-0.6555870407519387,-0.6620880711111079,-0.5289118415856537,-0.6322219843930801,0.9207038812930045,1.2608287499448807,0.9548156996641127,0.6522323369259921,3.190742915548745,1.5572038380919115,-0.3129494157297179,0.37500023408311256,-0.29149418377857805,-0.35801059231733756,-0.5189454032310883,0.6254633616394449,0.43031641907921686,1.096662360325525,4.254837693523728,0.3247682652463725,-0.5275214518712097,0.07517590337389944,-0.459513902640921,-0.5147251326777933,0.2666275504877271,0.9967171052830438,0.8379600691464845,1.0811787797590926,4.465258224150334,1.0510781628628518
-1.3254038096797918,1.955464005239645,-1.33695656438884,-1.087154936077063,-1.0169814565669568,-0.9909850410011983,-1.0916726068114855,-1.2358289930799187,-0.26443830178511357,-0.28498846440241543,0.4698250629429858,3.073049056715152,0.37285806370237967,-0.2571082041073473,1.6171605724344138,-0.777229106751376,-0.9763304066084671,-1.8550522122310757,1.1413041155432637,-0.16262835496746816,-1.198118900182411,1.3622341072185715,-1.2148174968702818,-0.9759009082798524,-1.04617474886173,-1.1494803571628536,-1.3005778165847348,-1.7271117923422528,-0.6805598589740378,-0.7782405513831637
-0.351252959791871,-0.2821955573752463,-0.30529682959855775,-0.45925121060408586,1.803682129976948,1.1878212365631386,-0.49647633925604473,0.11445950766469982,-0.386255588293679,1.3915188596663546,0.1287539057986352,-0.08695749237686996,0.15322927283732118,-0.13620921504480774,-0.5723220574988943,-0.10355655816192229,-0.5512198903487993,0.13731508470891965,-0.2683292269265509,-0.17192272224843397,-0.25721909578269464,-0.2539573014260735,-0.24031844352127188,-0.36812387118805406,0.5653742275832764,0.2777581188407979,-0.7089663144486116,-0.07677052316097949,-0.5136600302700951,0.27838184615791506
-0.31743806190741924,0.5517148386303036,-0.18038368187682863,-0.38366496412018847,2.1860742849188126,1.6951298551901133,1.2015291784435702,1.1457000183220079,1.9799529163120937,1.5824778178517422,-0.3611090943992046,-0.38714013953180043,-0.22938196916741893,-0.367204431789774,-0.4135785012998354,0.5522259310459028,0.09869995942042972,0.1084866189975693,0.11967591026842347,-0.004624111191051489,-0.1664305181651783,0.7874791077917522,-0.035676612446152146,-0.2540221664623054,1.6046760479015965,1.828827903915139,1.2586404791726524,1.3748070165203592,2.2877613935830037,1.281733779789699
-0.528781173685244,0.6953327401645929,-0.5620854972101125,-0.5345543625318641,-0.9690086225833402,-0.9481165267334577,-0.8802391554974905,-0.9147439846999519,-0.9953420208365061,-0.4015295932949678,-0.6572551781578401,-0.14088251881188746,-0.6413101764686263,-0.5115477115070266,-0.6336705497417621,-0.7319448939416285,-0.6916122601313515,-1.1261725041624326,-0.5151337178640267,-0.5065199443631986,-0.4387962510177278,0.9938014152783023,-0.43545586444486234,-0.4596171885997228,-0.2761657078971454,-0.45772866039322335,-0.7165632518757207,-0.7731964693255223,0.29432231803497466,-0.10055238165047556
-1.6711611405483133,-0.6018612091773734,-1.6461677989131205,-1.2836225580239728,-0.6853431694628302,-0.8090278538036267,-0.8957821046605964,-1.085166027609319,-0.16476961282355965,0.33843636967340957,-0.9002099750277885,-0.4685669294486768,-0.881311773726145,-0.7376012395355583,0.7083710432773562,-0.48539751308855883,-0.4958496238181806,-0.9073964810418511,0.6310832929321354,-0.43848517586652974,-1.5129901943740705,-0.6485896514598724,-1.4892573399956965,-1.1320400831677193,-0.10365002112365822,-0.7418795595441375,-0.9739095072190423,-1.3410283056469259,0.3021213754510468,-0.5366013336502765
0.44339714049275,0.20193575586130882,0.380701604610939,0.3150124003826554,0.007829518677242318,-0.27438821734656454,-0.27838162401500444,0.08543199699434591,-0.7221759844233596,-1.0010845575976188,-0.13253032101268508,-0.1211100091190479,-0.22938196916741893,0.015718982237204922,-0.7965733257538968,-0.1404548056365314,-0.3851090907569433,-0.290787631104634,-0.587513881071652,-0.49499492893480124,0.7868495468187446,1.1297121416384905,0.6504229953673845,0.6815764866836569,0.3886508411323876,0.650269140993898,0.07731670925718316,0.5933041709865263,0.8199787878782343,0.13449667559878695
0.8238147416928351,-0.08298362944058739,0.8803541954978562,0.6785058104400505,1.268333113058336,1.0212143470509591,1.2644411155323318,1.5396084306644413,1.1715291058461597,0.08850479204841648,-0.39848675545611983,-0.9677329241488214,-0.35509709154040503,-0.1911424058926156,-0.48255222986667556,-0.2830162163338847,-0.05197978228584398,0.36153648468608957,-1.026541100527739,-0.5299417499112321,0.6795539550889526,-0.1688084126221004,0.7751683786062089,0.5402740659706552,1.6046760479015965,0.8962789798560988,1.0820116839923652,2.1021015721905743,0.30836062138390463,0.3706440929286538
0.41803596707941104,-0.013491096440124762,0.33155544813025856,0.2923648358930981,-1.2137396017461346,-0.8702418457929332,-0.5724640907201176,-0.5109051081808184,-0.9842677220630004,-1.1499202161832884,-0.6360505435197824,-0.3928921423515356,-0.6626767782948649,-0.41639147296730916,-1.4204562977152635,-0.8965893466881797,-0.5796614480202645,-1.0263939811725922,-1.221136949151518,-0.898370468928712,0.3329066587311624,0.9414020990912425,0.25242582027208615,0.18631150208458613,-0.9998900524103072,-0.45582160737878774,-0.22751040500557057,-0.43695449358813326,-0.35611907046543867,-0.8551257570254459
2.136959942872387,-0.5068880807434081,2.006620281513448,2.521451370777778,-0.14026053405478864,-0.31875432163239215,0.3491341092605452,0.9195909878371463,-0.3567241248976633,-1.6961190009929628,2.8760119934818986,-0.2990625963546054,2.4175921687017374,4.224658692718621,-0.47007457042744805,-0.7839378790194867,-0.34214418448728284,0.06204075757372691,-0.9244969360055132,-0.7280976603414206,2.9822824237514163,0.08500077515897364,2.73545297235917,3.9915856918857204,0.1740581575848805,-0.5696091039067824,0.057849557100216054,1.0134184174295695,-0.6259664570615331,-1.0391010705266217
-1.3304760443624597,0.5239178254301183,-1.323031820052647,-1.0874380306331823,0.5939324034335927,-0.7685929233152775,-0.839161361280711,-0.9157624938462801,0.7802372158489492,0.47603914836582045,0.08418823300000569,2.984971513537957,-0.05397707510550573,-0.34766752291084646,2.708955773366806,-0.46974371112963365,-0.5627175413223703,-0.4658404812296674,1.1887665176466242,0.30803840414063427,-1.1238373366771703,0.8709905179648795,-1.1485836386268105,-0.9250320368231719,0.859913205001424,-0.8461317909999537,-1.0089978619605027,-1.1594305346038039,-0.06131470013791288,-0.045085197579972085
0.03480045772228883,0.5285506609634825,0.07067126747864673,-0.06320192659295211,0.16495793143517226,0.13389226133440615,0.5354027857390353,0.189574557206405,0.2634366064186707,-0.19231720528303609,-0.4340674135776064,-0.3565826245519574,-0.1046606422282115,-0.35364351856793025,-0.36262805858965697,0.26878030271822384,0.48054299964797487,0.0043838261510262,-0.016778495778738904,0.0968703795170939,-0.08389544760379958,0.7268923984504635,0.261336204789145,-0.1475154668498803,0.5232972308092553,1.089527018652246,1.1617795269770106,0.4517603030093004,1.0601897562932545,0.9632093564145298
-0.06382632777402933,-0.045920945173674045,-0.13000887148413107,-0.14841338798491163,-1.1087555737530046,-0.9245294839485872,-0.7222191723392481,-0.7087505098550723,-0.8661418684789366,-0.9378996081980423,-0.2701807458665168,-0.5230312061480443,-0.4032961700786645,-0.2731974231841111,-1.1161400480585526,-0.8007098096897637,-0.5133986700409996,-0.850059865904832,-1.1629955065749011,-0.5741829381686289,0.023400144125992537,0.08172581789728244,-0.08913891954850554,-0.09293740684948343,-1.0840440459583494,-0.7050098679317147,-0.5062230468626366,-0.4998963412631125,-0.8661774254765537,-0.4300604058316856
0.0827048963919291,-0.671353742177836,0.09196793528694198,-0.039988172991155715,0.11489932206096456,0.2106437497613655,-0.10395519451792813,-0.16053796184391575,0.3631052953802246,0.21066236088759763,-0.20728564312651532,-0.8030818434339017,-0.09472268789042604,-0.187464870103641,-0.8135568066572895,0.3012060353474258,0.18553748124713762,0.13571350328051135,-0.20069530392926174,-0.14441139509677542,0.07704793999088896,-0.722276189847926,0.11877005251620244,-0.037122950667847744,-0.11627312015586547,0.538388697480339,0.4823284358399384,0.40206937063431686,0.22101117832389722,0.20753762095895498
0.9421668842884164,1.214210319901379,0.9909330475793865,0.9321585327230927,0.628695326610125,1.0792459602518305,1.5715993966127562,1.4199336059708771,-1.0174906183835188,0.14466919151470659,2.448325294849889,0.34624021998443655,2.2208206728135855,1.8848265469835397,-0.2600339698671213,0.6260224259951207,0.4288035702669051,0.6578290489416354,-1.0645110222104275,0.5050789904971068,1.4120527063211878,1.049475688727054,1.422656320179157,1.3721920679184525,0.2287582533911077,0.8301678086889956,1.021236184575492,0.8643456203046189,-1.17190047618658,0.5018981225608359
1.7283632601019256,0.8320013883988358,1.6585016731086286,1.7231247225208823,-0.3530096238951724,0.5363695786952899,0.7155036252480392,0.9750997363120335,1.0386375205640874,-0.8606735589318926,1.2608657551186615,0.5241928072199941,0.8379543267107393,1.0934668143935704,-0.3147970307392858,0.5410446439323846,0.30414482813239746,0.17735462041912858,0.729567777296609,0.24149073440891983,1.6348973968369098,0.9283022700444771,1.4464173455579803,1.5311572912205793,-0.5538738866056842,0.6451836662887361,0.6451877819335903,0.641489317531965,1.2130512816482681,-0.00993767500064296
0.09679443717711762,1.2860192706685232,0.15995345175188302,0.0030421995390030225,-0.5205669136060621,0.3809946143187627,0.15299689363087668,-0.24532884827573886,0.21544797840014504,0.11097055183493175,-0.5483568002708662,-0.24873257168192242,-0.12553034633756088,-0.3950157961938944,0.07409002178329983,1.195709004428858,0.1822092138600513,0.005985407579434492,0.030683906324621976,0.8735077095145866,-0.01580401439066257,0.9512269708763161,0.18114274413561468,-0.13108906044199392,0.07728106500463224,1.066642382479018,0.6176488837603198,0.08736013225942076,0.43002591707462895,1.012635560041711
-0.7542138262482574,0.3548193284623263,-0.7410594170605904,-0.7185658240095174,0.9971823122813778,-0.16899531982369137,-0.5253418162732413,-0.667246262142198,0.10470499066508537,1.0432995829753544,-0.2935417840270888,1.7195308931962139,-0.3928613180239898,-0.3603090521854467,1.1943065581050434,-0.4518536517480051,-0.1938850008807082,-0.6529051920677634,-0.2683292269265509,0.07976874372011702,-0.6575141880053812,1.0216385520026778,-0.679303387395041,-0.6323593979213672,0.9903518950008889,-0.5390962556758118,-0.46728874254870245,-0.8045168145800575,-0.23289396329149922,0.2553162844652309
-1.024733009323873,-0.191855264474645,-1.025697573344531,-0.9088053657217989,0.760794434680952,-0.6714367708918827,-0.8083221764332787,-0.7825924229638672,-1.2242108621556298,0.4746350383791637,-0.928243220820475,0.6212578548030255,-0.9106287390226122,-0.6945051170085125,0.6761370897260186,-0.8822213927473093,-0.4292842760764532,-0.38175745623822854,-0.29799322824115143,-0.1652307778061386,-1.0805064246324465,-0.22612016470169796,-1.088290036728045,-0.8967715526805716,0.384443141454986,-0.9408487573835919,-0.9006465419063586,-0.7441348028153046,-1.0892304675762159,-0.2988063761995035
0.0798869882348915,0.06758352539374844,0.1689635804400077,-0.012244906491448111,-0.5761875906885159,1.2159010494022702,0.5884461836766186,0.4452203529347844,-0.36779842367116905,1.3058681504802618,1.7047254801695286,0.9933405372046459,0.7415561696342204,0.8461525325850292,0.2903694520632402,4.542827301860442,2.037264427517008,2.5829299258884797,2.4144830519659157,7.100362013070357,-0.10865596877221337,-0.6207525147354968,-0.16933238020203586,-0.2045663192127548,-1.3604899147636673,-0.033091522512215324,-0.24650274857334342,-0.1897044603768514,-0.9972015900665648,0.22675892236952572
1.308494944703313,0.46137454572970227,1.2694279343032424,1.2362020859953997,-0.32658980228100676,0.7029764682074695,0.2159088307196382,0.3148511822047743,0.5144540452848058,-0.2512898247226406,0.8461174776217374,0.5619403257245065,0.7460282490862236,1.102200961892385,0.21619669873005556,0.7730563515378811,0.20792764366935515,1.0534196617584994,0.14933991158302398,0.25413107391103323,1.7009254532860127,1.383521329419564,1.594923754175629,1.7484097630668194,0.7420976140341641,1.4639450938197818,0.8996851857417459,1.35673758656582,1.197453166816124,0.814930745532985
1.3930321894144433,1.2443237508682459,1.4905856384663043,1.2701734327297358,-0.3509238485045802,2.178102636023173,1.5074538921300973,1.3005134085638952,1.8322955993320151,0.11377877180824714,2.064126067255251,0.806400445563252,2.96268896412927,1.484894529932553,-0.13040495235959274,4.218569975568423,1.9655553938134196,2.3699195959101687,3.904802478011444,1.4441818605658796,1.608073498904462,1.1870238937180881,2.0790546462691637,1.3562955455882397,-0.31403500499376363,3.1275310067458264,2.1379859863605333,2.0268122807133255,2.7432263466816145,1.0950125660870136
-0.18781428668368644,2.0319057915401544,-0.24632144182174143,-0.2639159668816539,-1.4383080854665389,-1.0368487353051128,-0.9348861910471404,-0.9514103139677672,-1.4493882705502505,-0.7006050204529645,-0.8549255010549874,-0.1211100091190479,-0.7292610723580276,-0.583489505378842,-0.6870472040095679,-0.7330630226529803,-0.7491610289516993,-1.025593190458388,-0.7121026865929738,-0.7723388485988173,-0.33150065928793565,1.5898436369061153,-0.30566126331303733,-0.35770281766047024,-0.8989052601526567,-0.6783111257296153,-0.923864681917961,-0.856617004282313,-0.3389611441500802,-0.727715987675378
-0.3033485211222307,-0.029706020806899405,-0.3806542695356011,-0.3627159669673477,-1.060782739769388,-1.2122539661735536,-1.0831363204457163,-1.1297258027611778,0.019802033401539822,-1.0684818369571667,-0.00997472081645362,-0.006069952724343943,-0.13546830067534635,-0.16861749918514624,0.19644040461794568,-0.9252134416987855,-0.9553925790460693,-1.1876732310133136,0.17544423273987214,-0.28680110184116975,-0.4264159904335209,-0.6011027711653489,-0.5097090687536866,-0.45749765228902767,-1.2649751320866398,-1.2109510326614965,-1.2918175981140996,-1.5598189866798082,-0.7367130723697568,-1.1516829787885348
0.8942624456187767,-0.5462671827770038,0.8639721433376292,0.7724932030717135,0.3436393565625531,0.027188972545706836,0.47002371386247915,0.8910727317399563,-0.0023465641454727274,-0.9112215184515539,-0.3503270767866329,-0.6481372674772848,-0.3352211828648341,-0.1532178180688151,-0.7511685094611529,-0.5653437159502118,-0.2707377205461571,0.16614355042027,-0.7690575691170068,-0.5202756079390278,0.733201750953849,-0.13605884000518775,0.6979450461250318,0.5985613145147684,0.397066240487192,-0.07568237316794524,0.30332559771367956,1.069132493122733,0.353595154397123,-0.14997858527765767
0.2066928553015862,0.8736969081991132,0.34793750029048554,0.04550638295692302,0.5939324034335927,1.7849852562753337,1.0016912606322097,1.0247520571955333,-0.2828954664076235,0.5757309574184863,-0.45706905115109253,-0.4586806746022568,0.3594418253463695,-0.3469779849504138,0.40093537876083796,1.4579101872408529,0.703234344820299,1.1607256174618594,0.596673051407199,0.20468503997629567,-0.0446912890871452,0.30442291169228913,0.33261928092561605,-0.1738330427076768,-0.023703727253018843,1.350157597291787,0.8783187992280015,0.8733803352818885,0.13834116971353252,0.1729392784199284
3.689627337400139,0.5632969274637142,3.693971654016807,4.514437045858823,0.941561635198924,1.661434079783155,2.4498993810676244,3.546071448931006,-0.050335192163998385,-0.6907762505463636,1.5429952159809532,0.47386278254731146,1.4670268362925587,2.0319279785425226,-0.7948403174984486,0.012728827818663826,-0.035641015112874576,0.1325103404236945,-0.5542901995992994,-0.37714235181215633,3.471302716827584,1.1346245775310277,3.3680902730703535,4.120524150786334,0.6326974224217097,0.9598474136706208,1.2349000497129363,2.3204405174745926,-0.08627168386934345,-0.16700316652701966
-0.528781173685244,-0.34705525484234406,-0.558399535474062,-0.5521062250112709,-0.6477992124321735,-0.6712495721396219,-0.6124316742823896,-0.6422927880571568,0.5772084050013397,-0.047693876657337694,-0.6712718010541833,-0.4225509068907953,-0.6875216641393286,-0.5467141474890961,-0.48740465298193036,-0.5323589189653339,-0.37300630025844733,-0.585959088360294,-0.28850074782047924,-0.47491909560791523,-0.5584721033317268,-0.1147716178041946,-0.6178217342273348,-0.5632978397978876,-0.44026599531582694,-0.467899609803547,-0.37802472778017016,-0.4907110477028883,0.3145998673167625,-0.13954416451191884
-0.13427403169997093,-1.4543029473163795,-0.16482073232461336,-0.2446655370655303,0.04189718339024516,-0.2908617075455215,-0.6120616040642205,-0.5832192575701209,-1.6745656789448715,0.11518288179490385,-0.706493058588584,-1.408839640387264,-0.733733151810031,-0.526257854662925,-0.9674479397410932,-0.4580033596604399,-0.47648515902058713,-0.7885591390539511,-0.7963484503264392,-0.3816036481070198,-0.19738116962569532,-1.5672151633642752,-0.22843793083186026,-0.31248604303230965,-0.04474222564002939,-0.03182015383592484,-0.46538950819192515,-0.5140507280608351,-0.8287419498794079,0.1822753391050621
1.81853632112713,0.6258402071641302,1.752698473029932,1.7967293071119437,-0.3446665223328047,0.6018891419865966,0.9313779191800645,1.1986624939310746,-0.179535344521568,-1.7382423005926808,1.6292513568815268,0.472065281666144,2.0677761760116895,1.6411898009639734,0.4158392497576927,0.6131639458145753,0.6844750195476306,2.57332043731803,1.3453924445877143,-0.519160283865312,1.4326864739615321,0.31424778347736276,1.511760165349746,1.3651269468828025,-0.6043662827345091,0.25169506097684385,0.5326581462945363,1.1639970003840654,-0.0036016752589796376,-1.3845353158765896
2.2947627996664957,0.053685018793656246,2.493986333280195,2.4167063850135757,2.5545612705900647,3.260111424091037,4.168258760766545,3.4060264413108774,2.740388098759503,1.0910393225217003,2.9047640404487565,0.588902838942015,3.5689041787341833,2.9811919040715886,-0.14184280684555114,3.440352392467577,2.1703951230004623,2.116869730221648,1.2694526012223375,0.47422169112430057,2.4973888842033163,0.34208492020173886,2.9522723289409374,2.6085882491572168,1.5962606485467918,2.8433801075949123,3.261383108394296,2.654724971633573,1.7839422845047461,0.7704471622685221
-0.7626675507193702,0.21815068022808345,-0.5866585754504531,-0.7621623856519152,3.2428671494854213,3.393022538196259,1.8861590820565644,1.4428500617632618,2.891736848664084,4.889156836429593,0.3192362169540681,-0.11032500383204441,0.28689475868053543,-0.3003192496277987,0.7575884777320862,2.763884522099744,0.7365170186911628,1.1351003146073255,4.6523353111393755,2.0248939282806155,-0.2861063704791773,0.09482564694404727,-0.2533870074796249,-0.5571158588916938,3.2667174204754272,3.902430214944852,1.960882382591052,2.150286718736013,5.812935345647592,4.895338444976964
-0.9796464788112703,1.339296879302211,-0.9785991733838787,-0.8728523570946267,0.04954502648908239,-0.5673542646348356,-0.7982069238033209,-0.8246059252499057,0.30773380151269475,0.0941212319950453,-0.5645298266897236,0.49543279312131844,-0.6810619938197681,-0.5437261496605542,0.09176670598887185,-0.8269858344065307,-0.6492524933866158,-0.8548646101900571,0.13747431105718344,-0.42472951229070066,-0.8349645897123451,1.5177945771489065,-0.8738467826841606,-0.7549392478898962,0.7463053137115668,-0.7158165016801833,-0.7664181537411243,-0.803161607333467,0.7763040663482301,-0.13130646390738873
-0.864112244372726,-0.5370015117102749,-0.8459045508860419,-0.8176489186513307,1.6368200987295887,0.08334859822396971,-0.590474174671018,-0.14907973394772328,0.5181454782093073,2.4066903800195547,-0.8225794482172725,-0.33681011485911744,-0.7700066851429479,-0.64347930793649,1.9741602730567513,-0.09293433540408032,-0.4317048341761524,0.20297992327366235,0.2110410343173929,1.6921555796220438,-0.9505136884982753,-0.8483620444230405,-0.9302792179588673,-0.8337153474373945,1.4321603611281093,-0.31342831563425805,-0.7042182285566684,-0.29450715411318035,-0.2048173565936393,1.8089466184796346
0.3757673447238465,-1.748488003685004,0.43394327413167594,0.23093331721517366,2.074832930753907,0.98939055916661,1.4149363375878006,1.557432340725185,0.5624426733033314,1.1331626221214193,0.05076397840103339,-1.0049411923889835,-0.031119780128599044,0.09984261340999871,-0.5307298593681364,-0.10802907300732946,0.32562728126722756,0.2590352732679548,-0.2968066681885675,0.1511494844379333,0.5144838139661951,-1.4542291378359267,0.5227074839562064,0.3866076834452659,0.8809517033884345,0.673153777167126,1.4675562584181532,1.0239589182363844,0.47526045008784734,0.9412421548024492
-0.6668586733800896,0.500753647763298,-0.7037902483960745,-0.6438288611939783,-0.659618606312195,-0.9919210347625026,-0.887270489642705,-0.9519195685409313,-1.176222234137104,-0.5250912721208066,-0.0020679079005677956,-0.01325995624901294,-0.11559239199977563,-0.27181834726324566,-0.3699066932625396,-0.8600824442625438,-0.6229289240523873,-0.6626748387810543,0.43174120409802047,-0.7407379998435341,-0.6843380859378291,-0.032897686261912695,-0.7253403740665121,-0.6475494081480149,-0.995682352732905,-1.0568611490950948,-1.0383410327727116,-1.1677123566663012,-0.7460719412690436,-1.0012076477457827
1.9650675452930895,0.25058052896163274,1.89194591639186,2.0628381898642423,0.0683170050044098,0.27803530057528075,0.847495336395049,1.7051161669427748,-0.9584276915914863,-0.8438242390920052,0.9255450073676821,0.25816267680724153,0.8319915541080678,0.9560189142806451,-0.5050813371875027,-0.24555890450359968,-0.012645713165732281,0.49286616181557474,-1.2021519883101737,-0.5786442344634923,1.9361504043859419,1.0069012443250678,1.8058028544126896,2.011585521644785,0.19509665597189105,0.366753926181129,0.7881051672810808,1.7060798990202501,-1.0034408359994227,-0.5278144530054446
-0.8190257138601233,3.3290997408821204,-0.8647439108703024,-0.760180723759079,-1.2554551095579747,-1.2525016979096424,-1.0304013143566073,-1.0720017968930267,0.11577928943859113,-0.6093378713202428,-0.6572551781578401,0.7722479288210744,-0.6850371755548822,-0.5708479761042419,-0.8891159665948328,-1.0247268970090948,-0.8788121721668366,-1.3074715218582587,-0.14967322166814895,-0.45633036104598396,-0.8122674453079661,2.5968929948761827,-0.8601841930913371,-0.7280917879544259,-1.3558614451185251,-1.1668345395942181,-1.1905171856094914,-1.2750748863128565,-0.00048205229255027547,-0.5926176977610826
-0.33434551084964537,-0.7570611995450726,-0.35730984520727765,-0.41820249996676323,0.2038924053928898,-0.26746186351291223,-0.6850887937829399,-0.6272697781488158,-0.2902783322566277,-0.08700895628374136,-0.9379470366717892,-0.5614977250050234,-0.9292624034059599,-0.6650848306967158,-1.3993135969987953,-0.6872197454875569,-0.4882853797566207,-0.6846165043502488,-0.20425498408701365,-0.6652677375220926,-0.5027609307027964,-0.47501691659023487,-0.5260447737016278,-0.5338009594740486,-0.6296124807989218,-0.35983327231885925,-0.4411742701430148,-0.4640586385199426,0.6016051802282153,-0.30319981652191946
-1.1402672437624173,-1.0026014828133738,-1.1526584775862887,-0.9563652511498694,-0.22160577428787664,-1.0426518966252,-1.0719725355309457,-1.1746165933855934,-0.4084041858406905,-0.3004336742556452,0.06370239953611938,0.09099509485868752,-0.09323199473975816,-0.31870692857267163,2.5876451954854294,-0.734740215720008,-0.9280100155432223,-1.4700320368417068,0.5883671310391108,-0.10834925004662861,-0.913372906745655,-0.7763129846658323,-0.9507731023481026,-0.7879686887315603,0.8388747066144134,-0.9567408658372224,-1.267721062212488,-1.5702089089036684,0.033833800338166645,-0.37843748204329625
1.981974994235315,0.8343178061655173,1.8550862990313495,2.119457101088136,-0.10966916165943971,-0.008378790383859603,0.2615508242938379,0.9621137446963487,-0.16476961282355965,-1.3815983639817364,1.02402076822917,-0.16245252938589444,0.7132329997715317,1.2341325583218483,-0.7612199573427525,-0.7017554187351301,-0.4574232639854562,-0.19261068954320168,-1.1380777454706368,-0.6596911171535131,2.656268895033971,1.5832937223827328,2.393888232538578,3.0589897151799095,0.3339507453261604,0.04827607277037309,0.19744328232334618,1.2980119392135665,-0.13930527429863396,-0.47234726893494117
-1.2355125394702902,-0.872882087879177,-1.2452170722915699,-1.0344993486388423,-0.3815152208999292,-1.0437750891387654,-0.9556101232646148,-0.8775684008589724,0.9869574596210602,0.07025136222187137,-0.4973219169046934,0.3444427191032695,-0.5553468714467821,-0.5494722993308271,2.3831502213425364,-0.809095775024902,-0.7237754258811043,-0.3380342832426806,-0.28968730787306324,0.18572453072312572,-1.144471104317515,-0.8254373435912016,-1.1675924589298694,-0.9324504139106045,0.6116589240346991,-1.0088669815651305,-1.108612703973471,-0.9502768828800093,-0.10966885611755976,-0.11592942277893215
-0.3653425005770595,-0.8589835812790844,-0.36918683302344235,-0.4201841618595996,-0.37942944550933794,-0.37360355604482887,-0.3718860324724188,-0.4520862049803645,-0.40102131999168633,-0.4899885224543751,-0.9232116126012746,-1.3119543428923492,-0.8311251043203285,-0.6586491430660102,-0.7109627179347537,-0.4015378597371745,0.027596065241766467,-0.5161301380816898,-0.5234396382321149,-0.5474151603994477,-0.4553032651300035,-1.0759715741105838,-0.42119924921756796,-0.4898205810271269,0.018373269521002246,0.054632916151825306,0.3498568394547231,-0.254001515298421,0.14770003861281888,-0.32077357781158405
0.4574866812779385,-0.05055378070703811,0.6223368739742838,0.2923648358930981,1.9774967458596133,2.5038284649570977,2.5029427790052075,1.9266419062691595,2.0722387394246433,1.8829573549963967,0.4083675625513273,0.1916551442040535,0.3027954856209922,0.25108127273157865,0.8334942393207193,2.261285666347114,2.035146439179771,1.801358188825202,4.153980089054087,1.3267010581344734,0.21942093670926663,-0.28670687404298617,0.3563803063044402,0.05684315910629824,0.960897997259074,1.6031599638735854,1.9623068083586352,1.4877409537362312,2.0803064663154855,1.160914170923255
-0.4696051023874529,0.1046462096606618,-0.4699364538088368,-0.5209658238381296,-0.7889366805288985,-0.0233546905647296,-0.2491460767796388,-0.4467390319621414,-0.12047241772953557,-0.018207566937535922,-0.15301615447657121,-0.3188351060474449,-0.14341866414557472,-0.2752660370654093,-0.13664378207920633,0.47787037174100844,0.44937831411434803,0.3919665318258485,0.8280522616610827,0.33071666030619035,-0.5852960012641747,-0.4668295234360066,-0.5723787731903343,-0.5860828551378593,-1.1429518414419788,-0.23269640468981498,-0.3965422627587486,-0.5789500973142229,-0.3529994474990093,-0.34164241934306094
-0.10045913381551919,-1.4288223518828769,-0.15744880885251103,-0.2055984883210437,-0.2695786082714922,-0.7569866006751031,-0.960544392840204,-0.7477084847021261,-0.8181532404604109,-0.49139263244103276,-0.6745064063379548,-0.9396919104026125,-0.690006152723775,-0.518443091111354,-0.8929285847568189,-0.9498122733485248,-0.8470726040845311,-0.7613322547710091,0.13272807084684757,-0.7284694350326593,-0.3356274128160045,-1.4722414027752284,-0.39298303158021464,-0.3921452827092644,-0.6380278801537257,-0.9230495959155255,-1.1233792510974143,-0.8534548540402686,-0.1377454628154197,-0.8743470584360167
-0.6865840304793535,1.1586162935010094,-0.6362142832351388,-0.7046941907596636,1.9288286534124672,0.9837745965987839,-0.5347169284668606,-0.08211275757664377,1.1715291058461597,1.6049435776382595,-0.39920555663029117,1.3672207204874334,-0.35261260295595875,-0.4446625293450513,2.0642767023400603,0.5483124805561714,-0.41203779961609655,0.9733405903380815,-0.5720886003880598,0.7668083731291004,-0.6843380859378291,1.026550987895215,-0.6320783494546287,-0.6984182796046955,1.8781765269327335,0.4621065769029123,-0.6382198346586577,0.24245607270255143,-0.16894169247970814,0.8698487495631866
1.7424528008871132,1.7655177483717142,1.6789792383089122,1.7910674159895543,0.28801867948010035,0.11517238610831852,0.7821162645184928,1.1406074725903668,0.0013448687790298766,-0.9687900279045017,-0.03261695780285424,-0.3314176122156159,-0.13944348241046053,0.27682402325440086,-0.6520404372495135,-0.5234138892745197,-0.33579021947557247,-0.544157813078836,-0.9019522950064169,-0.6950097128211827,1.657594541241289,2.1678735935946247,1.630565292243865,1.6971876355583562,0.8430824062918151,0.2675871694304744,0.4979971192833511,0.8282067603955398,0.37387270367890996,-0.21258510987208687
-1.565489584659401,-1.4682014539164723,-1.5306743311835216,-1.2287022141367963,0.5383117263511389,-0.492849161235007,-0.7752625702768314,-0.851341790341021,-0.5006900089532402,1.2131968913608835,-1.0065925488051624,-0.9671936738844713,-0.8937342166483769,-0.7594595928812761,0.33716067496034263,-0.4205460478301549,-0.4314022644136899,-0.6826946066361588,-0.534118678705371,0.06080823446694676,-1.407964317084716,-1.2233446508866916,-1.309861598385577,-1.073046322520041,1.3437986679026654,-0.18374871065263285,-0.46776355113789675,-0.4453868942335851,0.11182437449888771,1.1554223705202349
-0.8979271422571783,-0.19648810000800906,-0.8811259630305295,-0.8077406091871494,0.31582901802132674,-0.5250473466238776,-0.48179688726866704,-0.489261788821344,-1.2094451304576213,0.4956966881790223,-0.09766846406537004,0.9448080134131304,0.0747194335688159,-0.33364691771538085,0.8993485530277522,-0.21257410751872186,-0.3742165793082969,-0.005225662419424103,0.043736066903046066,-0.3942439876091332,-0.8040139382518281,-0.05582238709375172,-0.7318746560456886,-0.7254423675660571,0.1740581575848805,-0.559438154496459,-0.6301480886423544,-0.539498508580145,-1.029957631214068,-0.3592161806327255
1.5790141277789291,0.08843128529388715,1.588877951427664,1.5589298799715918,0.7190789268691119,1.539754890813586,1.889859784238256,1.2442407782292617,-0.29766119810563085,0.6108337070849179,1.2914148050209477,-0.7861853351509294,0.6198162289963485,1.2070107318781609,0.5399226408477871,1.4215710041219194,1.0811439781358332,1.3016647831617945,-0.6824386852783734,1.3003050550565307,1.8536153338245636,-0.05418490846290583,1.5563120879350407,1.8543865786015705,1.6341299456434113,2.180997027247592,2.730072297085851,2.0478932823269553,-0.25317151257328707,2.5173888704692358
1.6804588214322849,1.024264063033448,1.752698473029932,1.674998647980573,0.8442254503046311,1.5191630280648893,1.7245617534560198,2.023400275170339,1.607118190937393,1.6948066167843245,2.3908212009161733,0.9448080134131304,2.452871906600876,2.0801956357728146,0.36038298558334947,1.2398750885272538,1.3380257064664083,1.245609433167502,0.8233060214507464,0.8054729410179177,1.523475051579049,0.5746068857818192,1.5266108062115111,1.4357781572393031,0.10673496274644606,0.5511023842432434,1.0411781453216538,1.1685143578727002,0.5969257457785726,0.5947095493718765
0.11370188611934326,-1.264356690448449,0.0800909474707773,-0.03149533630757172,0.9763245583754573,-0.19145917009499638,-0.24112788871930646,0.4179752332705049,-0.6040501308392957,-0.1979336452296649,-0.36218729616046186,-0.8916986368754468,-0.36006606870929786,-0.3354856856098682,-0.2742446375617966,-0.7062279335805374,-0.4876802402316958,-0.03565570955918275,0.19561575363380046,-0.07377420376143619,-0.10246583848010975,-1.4722414027752284,-0.1277505857890945,-0.23529959571783263,0.10673496274644606,-0.6649617546285658,-0.6486656236209328,-0.11742674055869347,-0.4762245546729488,-0.3163801374891681
-0.14554566432812185,1.2165267376680613,-0.169735347972681,-0.23419103848910988,-0.2278631004596531,-0.44979344821500555,-0.43973223913676956,-0.45030381397429015,-0.19430107621957535,-0.18529665534974957,-0.6317377364747537,-0.3817476368882989,-0.5543530760130034,-0.47040527986787345,-0.9830450140401277,-0.7492758889675812,-0.43291511322600196,-0.7531641894861265,-0.8533033328504721,-0.8537575059800766,0.12244222879964697,1.5914811155369606,0.17223235961855585,-0.06079110613727548,0.628489722744308,0.2288104248036159,0.5017955879969055,0.2740775751229954,0.8714525668243097,-0.26695393386198674
0.017893008780062704,1.0126819742000375,0.03954536837421621,-0.12633201260759305,-0.08533511543586625,0.5232656660370284,0.283755037383989,0.40957253281329725,1.5554381299943658,0.2401486706074004,0.050045177226862025,1.1281531032921894,0.33111865548368075,-0.21366731260008495,1.3710734001607638,0.6685113170264889,0.13954687735285345,0.7507207717893202,2.915211394156372,0.3742142991811097,0.11625209850754334,1.4621203037001553,0.22569466672090924,-0.12684998782060392,0.9987672943556934,0.9757395221242513,0.4771055413588009,0.9411406976114116,2.8274561667751925,1.0291109612507712
-0.7598496425623327,-0.9377417853462752,-0.7717757648610156,-0.7233784314635483,0.03703037414553047,-0.6319378341648377,-0.6595539487292661,-0.5037755441565209,-0.29396976518112927,-0.5573858018139238,-0.8297674599589869,-0.4018796467573718,-0.8569637855985707,-0.6349750064244862,-0.620846288651445,-0.5552805575480457,-0.5424453672373898,-0.47737186751420746,-0.6420956434905167,-0.8080292189577255,-0.8205209523641038,-0.6387647796747987,-0.8159292833232776,-0.7438116822587473,-0.5538738866056842,-0.5568954171438779,-0.6363206003018805,-0.45080772321994694,-0.36703775084793927,-0.8902732796047751
-1.1977525701659857,-0.008858260906760698,-1.1448770028101807,-1.010719405924807,0.3227816026566336,-0.10628373781629778,-0.3325352326070954,-0.464562942022885,0.48492258188879006,0.08429246208844438,-0.8139538341272151,0.008310054324994052,-0.6656581645962006,-0.6556611452374683,0.7395651918754245,-0.1779121174668164,-0.0598465961098663,-0.0740936638409834,-0.5139471578114427,-0.07117178092276592,-1.1424077275534805,0.14886244176195304,-1.044926165411692,-0.9218527323571293,0.9987672943556934,-0.14115785999690308,-0.04518390675495146,-0.259121187118874,-0.4512675709415182,0.057062289916202956
0.268686834756415,1.4597506031696794,0.24964518732912458,0.17346512232292208,0.45488071072745967,-0.09280542765351472,0.43178312465166335,0.4327436158922641,-0.6151244296128014,0.28367608019377616,0.8863703433753383,0.5188003045764925,0.6491331942928157,0.5303441467068364,1.2462968057684902,-0.04653199388298117,0.5098922666068273,0.9413089617699146,0.09238502905899092,0.41101999361373387,0.4567092645732306,1.195211286872316,0.40984261340679357,0.2947611099818149,1.423744961773306,-0.10683090573706103,0.6124259892791821,0.5707173835433523,-0.40135360347865623,0.5776849681225145
-2.0135369816283895,-1.3917596676159634,-1.970532431685611,-1.4489497787977412,1.4699580674822295,-0.5048298813797031,-1.0916726068114855,-1.2358289930799187,0.42955108802126024,2.184841002127708,-0.6565363769836686,0.522395306338827,-0.6532357216739688,-0.7001823128827419,1.1319182609089062,-0.7995916809784118,-0.9763304066084671,-1.8550522122310757,0.7319408974017769,0.12586880543370682,-1.7263433517752342,-1.044859480124517,-1.692711119801875,-1.2327180579257329,1.1039597862907462,-0.8404106319566468,-1.3005778165847348,-1.7271117923422528,0.0322739888549524,0.5469308858656012
-0.07228005224514264,0.29227604876191016,-0.08741553586754175,-0.19965350264253515,-0.005380392129840002,-0.0158667404742946,-0.6367329519421662,-0.632616951167039,-0.7147931185743555,0.5981967172050016,-0.48438349576960743,-0.3062525998792744,-0.39335821574087904,-0.3947859502070834,-0.21705536513200488,-0.19132966200303794,-0.18511047776929873,-0.403859279950264,-0.655147804068941,-0.06039031487684559,-0.25721909578269464,-0.19173311345393942,-0.24447662296256606,-0.3435725755891701,-0.24250411047792758,-0.3096142096053868,-0.6467663892641556,-0.6964013920187295,-1.033077254180497,0.05816064999680656
-0.0469188788318032,-0.5532164360770495,-0.019430019402600137,-0.14982886076550897,0.9554668044695377,0.4727220029265923,0.11586651507456835,0.09994575232952287,0.34833956368221625,-0.18529665534974957,0.065499402471548,-0.7326198088921455,-0.1513690276158031,-0.10472031485171274,-0.1986854776242535,0.092115966324641,-0.032615317488250625,0.2942700646929386,0.02356454600911774,-0.39647463575656494,0.019273390597923695,-0.6305773865205704,0.020755822828554055,-0.10088566801458977,0.8010054095177941,0.4690991046225097,0.22308294613983953,0.34183793745251856,0.24440835057211352,-0.23565067156477176
1.066154843198074,0.36640141729573683,1.3308606299040928,0.9587694209983225,1.8871131456006272,2.900689819750155,2.8421738123269615,1.8146059001730568,1.105083313205123,1.1977516815076537,-0.013568726687310849,-0.7957120898211157,0.12689369384218976,0.027900819538183273,0.08136865645618252,0.6729838318718959,0.8890121789722111,-0.17179013097389306,-0.535305238757955,0.4972717219810956,0.929222543537123,0.30442291169228913,1.253359014355037,0.7433962957455951,2.3199849930599536,2.156841022398073,2.9888429781967556,1.2302515768840434,0.5204949831010658,1.9737006305702394
0.23768984502900084,0.07453277869379495,0.14725736132770717,0.09872815950738294,-0.8097944344348191,-0.9196623163898046,-0.8514970352196838,-0.742106684397321,-1.1023935756470642,-1.3984476838216238,-0.8006560124050434,-0.2738975840182639,-0.7859074120834046,-0.5437261496605542,-1.1404021636348278,-0.959316367395015,-0.7261657270045573,-0.8249150374788208,-0.1401807412474768,-0.8333098979619521,-0.06532505672748942,-0.016522899953456086,-0.1515116111679182,-0.17842537138084938,-1.1639903398289893,-0.9691367104310543,-0.9326011599591364,-0.8606826260220843,-0.41383209534437193,-1.2637157070101461
1.0013429555862077,0.30154171982863825,1.044174717100124,0.8729917704941242,1.0875659125403638,1.1953091866535739,1.196594908867981,1.4479426074949027,0.5808998379258413,-0.13474869583008825,1.4538638703836944,0.328265211172764,1.3278954755635624,1.232293790427361,0.7322865572025419,1.3639873754873024,0.5988477767707722,1.0934591974687085,-0.3134185089247435,0.44856923742883537,0.8611311103239853,-0.13278388274349653,0.7573476095720912,0.73986373522777,0.4054816398419965,0.619120608424782,0.4006613584985153,0.5541537394183575,-0.6992775967726109,-0.3559211003909132
-0.32025597006445683,-1.2064462462813967,-0.32045022784676774,-0.3992351647067591,-0.0860303738993976,-0.056114472210382946,-0.6305651149726799,-0.7016209458307748,-0.5966672649902915,1.3704572098664962,-0.8100004276692722,-1.0356784574569435,-0.966827870802789,-0.5949818047193876,-0.5868793268446594,-0.1169741026981438,-0.03443073606302493,-0.6834953973503629,-0.47835035623392236,0.7210800861067493,-0.5316482053992786,-1.4755163600369197,-0.5946547344829816,-0.54245573274272,-0.755843471120985,-0.34902663857039046,-0.6121053622529702,-0.8462270820584528,-0.7476317527522578,0.9357503543994289
0.0770690800778539,1.7493028240049395,0.014153187525864499,-0.026116539741301913,-1.8012330034295458,-0.9438109554314575,-0.6628845806927887,-0.7935413962868954,-0.39363845414268317,-1.1639613160498605,-0.6299407335393251,-0.5503532195417865,-0.5667755189352353,-0.4545459067779205,-0.5435541204584536,-0.46694838935125427,-0.3799654047950825,-0.8348448423349527,-0.7453263680653265,-0.6950097128211827,-0.18500090904148844,0.9921639366474571,-0.2079440464426244,-0.2623236836791941,-1.2818059307962482,-0.6764040727151797,-0.6016595732906951,-0.8894431353663931,-0.8833353517919126,-1.055576471735682
1.500112699381874,-0.025073185273535338,1.4168664037452834,1.4541848942073892,0.531359141715832,0.3023711383691948,0.6094168293728726,0.9516740259464846,-0.1389295823520455,-0.863481778905207,0.6797150058010478,-1.0482609636251141,0.4618027550255597,0.7057166346435622,-0.7886014877788348,-0.399301602314471,-0.1445661295993375,0.174151457562312,-0.8034678106419433,-0.4503819659861658,1.9402771579140108,-0.22120772880916084,1.6543263176226883,1.923271508699159,0.7378899143567624,0.40489498646984234,0.7491708629671463,1.2829540809181168,0.7295097218517975,0.30968510845513003
-0.4245185718748507,-0.5300522584102292,-0.4621549790327292,-0.45981739971632496,-0.6971625633428508,-0.9050608137134561,-0.7257965177815503,-0.6573157979654979,-0.05402662508849996,-0.6121460912935572,-0.8538472992937304,-0.9885839343703615,-0.870380023954581,-0.620035017281777,-1.0523653442580572,-0.9282323892194352,-0.5963027849556963,-0.7518829243433998,-0.5151337178640267,-0.7894404843957942,-0.4037188460291419,-0.6174775574738056,-0.46872129997521533,-0.44089461785525,-0.4066043978966103,-0.640170065440902,-0.4046140087750521,-0.24376217165751532,0.5594902701814263,-0.5799865568341358
0.44621504864978806,-1.2759387792818593,0.41346570893139245,0.3011407671328016,-0.0860303738993976,-0.15027544459760375,-0.21152227126577158,0.2748746982113922,0.00872773462803406,-0.7567694199192546,-0.3417014626965757,-0.7223740538694922,-0.44503557829736345,-0.28400018456422393,-0.5917317499599145,-0.558634943682101,-0.4686183451965648,0.1757530389907203,-0.4427535546564016,-0.5321723980586639,0.24830821140574924,-1.0923463604190404,0.20490376951443837,0.07009026104814214,-0.41501979725141414,-0.3655544313621663,-0.4891299376516412,0.34183793745251856,-0.2937266111368618,-0.7222241872723585
-0.7373063773060313,1.0404789874002227,-0.7119812744761881,-0.7129039328871281,-0.22577732506906095,-0.010250777906468417,0.28005433520229706,-0.19058398166059765,-1.5712055570588161,0.4325117387794447,-0.6037044906820673,3.0317065364483047,-0.4629238961053773,-0.5361412320957942,0.4421809752405065,0.2615124660944371,0.7598148904007674,0.174151457562312,-0.6575209241741089,0.36306105844395103,-0.7875069241395524,1.840377867425497,-0.746131271272983,-0.7222630631000145,-0.09944232144625657,-0.004485727295680498,0.4229773621906483,-0.2735767310825054,-1.2467714273808723,0.1899638596692904
-1.2386122384430318,-0.9493238741796858,-1.1518393749782772,-1.005340609358537,0.7886047732221784,1.0717580101613953,3.9758222473185674,0.764777597595259,2.710856635363488,4.26011556240714,1.5013047478790098,2.6003063249681655,0.5989465248869991,0.21959237253848377,1.4022675487588323,3.953573470978049,11.005432186902459,6.599696148336638,1.7844196640438017,9.695349357915976,-1.0887599316885845,-1.0530468732787452,-1.0799736778454567,-0.8877635233601178,-0.12468851951066875,0.15761377893135117,2.600449552235802,0.6384777458728751,0.30680080990069036,2.3087004551544696
-0.3484350516348334,-1.463568618383108,-0.4101419634240093,-0.3947056518088476,-1.8290433419707721,-1.2234858913092066,-0.8128863757906988,-0.9376604404923364,-1.759468636208417,-0.9561530380245864,-0.9113513932274458,-1.3452081091939436,-0.8708769216714703,-0.6347451604376754,-0.7601801523894837,-0.6536758841470032,-0.47648515902058713,-0.9093183787559412,-0.5020815572856026,-0.6247442961770822,-0.5522819730396236,-1.6998509324627722,-0.5940607088485107,-0.5406894524838074,-1.514912492924325,-0.875373270554634,-0.7374548298002708,-0.9191071162084287,-0.9394885651876316,-0.8078962735594726
-0.44706183713115205,-0.3169418238754772,-0.5113011355134097,-0.4626483452775196,-1.494624021012523,-1.4254733449986918,-1.0769438121283519,-1.0970825846213588,-1.0544049476285386,-1.5121805927408618,-0.20009763138480086,-0.47575693297334576,-0.26764309336789294,-0.27572572903903114,-0.3955552154431737,-1.1432485404123847,-0.9523396501428237,-1.2757602095757732,0.0010199050100214782,-1.005069805314198,-0.5316482053992786,-0.8090625572827449,-0.6112874522481583,-0.5253228142312684,-1.6508211925044127,-1.3294425932917657,-1.2835749210056862,-1.4809158092116523,-1.0580342379119274,-1.5734532497404832
-0.5710497960408092,-0.3980164457093504,-0.5665905615541754,-0.5920225574241158,0.4896436339039929,-0.09486461392838434,-0.5016573223104134,-0.3889386379080158,0.45539111849277436,-0.14176924576337477,-0.440896024732235,0.7812354332269105,-0.49621604313695855,-0.41547208902006555,0.42346448608166537,-0.49378347842369713,-0.4186943343902693,-0.6517840850678775,-0.032203776462330934,-0.7299565337976137,-0.5646622336238301,-0.01979785721514729,-0.5664385168456283,-0.5715993570147765,0.4643894353256253,-0.47743487487572517,-0.5394596481062391,-0.7835863915493826,0.21477193239103934,-0.7167323868693382
1.1535099960662414,-0.1316284025409105,1.097416386620861,1.0521906245177464,0.11142302974331163,0.1694600242639726,0.30225854829244836,0.7884579352473898,-0.024495161692484252,-0.8396119091320331,-0.009615320229367936,-1.1990712875550462,-0.15931939108603146,0.1977570037914471,-0.7289860037914154,-0.4781296764647721,-0.2477424185990149,-0.02444463956032443,-0.9102582153745051,-0.48718766041878997,1.1438137269967072,-0.15079614768279845,0.994957863360329,1.0630930226087614,0.4728048346804298,0.1518926198880441,0.5288596775809817,0.9471638409295916,-0.15490338913077817,-0.1032982818519861
-0.9937360195964589,-0.11309706040745422,-0.9265861577751588,-0.8745509244313435,0.07109803885853234,0.2256196499422355,-0.30379311232928863,-0.5631037019301389,0.4000196246252445,0.32158704983352115,0.1571465521784073,-0.03662746770418698,0.2794412929271965,-0.3033072474563405,0.189161769945063,0.5963920151442984,0.03848857669041274,0.33110643754633096,1.7345841418352732,-0.1648590031148999,-0.9113095299816202,-0.4881167456369997,-0.8649363981671018,-0.8095173078902931,-0.45709679402543524,-0.005757095971970802,-0.39084455968841686,-0.5336259438449197,0.04475248072066725,-0.43884728647651744
-1.2738360904060027,-0.6018612091773734,-1.2394833540354906,-1.061110236914072,-0.768078926622979,-0.19407995262664868,-0.05276214767119073,-0.6522232522338569,0.8208429780184706,1.2117927813742246,-0.7992184100567005,-0.49337244160878485,-0.7148510385682386,-0.6487657656331409,-0.3362863331068438,0.5348949360199498,0.5449903590524654,-0.49210641665556437,-0.3466421903970959,0.10021635173824134,-1.144471104317515,-0.4668295234360066,-1.0737364086835157,-0.9352764623248645,-0.3729428004773931,0.566994492696874,0.7605662691078101,-0.5044136987517476,0.11026456301567347,0.7902176437193946
-0.108912858286632,-0.3540045081423906,-0.15499150102847692,-0.1990873135302961,-1.1414327215389457,-0.7279707940746674,-0.7362818406296772,-0.8974293292123724,-1.2574337584761481,-0.9575571480112431,-0.5634516249284665,-0.8268088550653093,-0.6432977673361834,-0.4327105380308839,-1.4162970779021877,-0.5155869882950571,-0.4377562294254003,-0.9216505557546856,-0.846183972534968,-0.6637806387571381,-0.19738116962569532,-0.5667157199175904,-0.303285160775155,-0.27769032193173315,-1.4749393459890046,-0.44501497363031894,-0.5579771830848176,-0.820779301539143,-0.8755362943758405,-0.7535274495695734
-0.5344169899993193,0.02820442336015265,-0.5473416502659084,-0.5501245631184347,0.0001816755784050844,-0.4076737289563084,-0.5751779389866917,-0.19007472708743356,0.6104313013218571,-0.3495775237886488,-0.19183141788182936,0.19525014596638798,-0.27807794542256786,-0.30008940364098785,0.20441224259300747,-0.4110419537836647,-0.5524301693986488,-0.029249383845549305,-0.6397225233853487,-0.1574235092901275,-0.3830850783887973,0.39939667228133585,-0.4529796206617445,-0.4322398445865787,0.4517663362934192,-0.3064357879146607,-0.6467663892641556,-0.10086309643369887,-0.379516242713655,-0.11647860281923471
2.8527086147599534,0.17645516042780604,3.0427850806477914,3.1301046664346313,3.3958240114621683,3.445438188829305,4.173193030342134,3.887272012950955,3.1058399582852005,0.8635735046832245,3.9614017664807797,3.4199667267804306,3.44815803353009,4.429221620980333,5.686263956226885,4.076567629226745,2.890511157660968,1.0630291503289497,2.9721662766804045,2.2728676473367804,2.0063052143631137,-0.31618148939820817,2.1830091323015175,2.1016658148493237,1.5752221501597814,1.0933411246811173,1.4547364265099068,1.6578947524748113,0.48461931898713373,-0.20709330946906732
-0.20472173562591256,0.25058052896163274,-0.13369483322018225,-0.279203072912105,1.0249926508226042,0.8283996322222567,0.6908322773700935,0.8449851928686052,1.1161576119786298,1.4926147787056774,-0.05813439948594053,-0.515481702447142,0.11198676233551146,-0.15229843412157149,-0.5234512246952537,-0.13933667692517968,0.0681404134117277,0.2814574132656717,-0.400037392763377,0.09055020976603703,0.023400144125992537,0.612268894291269,0.17520248779090863,-0.06838611125059944,1.061882789516725,0.8466956014807714,1.1237948398414654,1.3612549440544548,1.0508308873939682,1.4849303947014447
1.8608049434826957,2.7059833616446403,1.793653603430499,2.1619212845060556,-0.08116356465468291,0.21813169985180048,0.594614020646105,0.9656785267084974,-0.16476961282355965,-0.825570809265461,2.7502217880018955,0.718322902386057,2.4255425321719657,3.663834484899996,-0.8225684495856203,-0.5793203248421092,-0.32792340565155015,-0.36878464666812094,-0.8010946905367753,-0.5436974134870615,3.3413099806934135,3.477856498271135,3.1661215573503507,4.502040686711439,0.3339507453261604,0.07624618364876293,0.3337133474221161,0.7709868988728313,-0.06755394607077074,-0.09231468104594547
-0.9148345911994039,-0.8844641767125876,-0.8803068604225183,-0.8391641049164102,0.3366867719272463,0.0796046231787521,-0.4607028848330234,-0.8358095258595158,0.17484221623062254,0.8074091052169343,-0.929321422581732,-1.2211805483934033,-0.7784539463300656,-0.7056066781714794,-0.8492567767195234,0.3235686095744615,-0.14214557149963833,-0.7834340784830445,-0.9850114986872982,0.33852392882220156,-0.8989292693974137,-1.0759715741105838,-0.7906831938582775,-0.7948571817413191,0.0436194675854156,0.8733943436828706,0.2971530860541535,-0.5276028005267399,-0.5152198417533094,1.3256681830138601
1.8100825966560177,0.3293387330288235,1.8796593772716905,1.8476863272134478,0.6078375727042054,1.333836263326622,1.480315409464357,2.130343735534801,1.1567633741481513,-0.015399346964221511,1.0488194087380849,-0.4085304000176907,0.9134827796779088,1.0913982005122722,-0.8132102050062,0.05689491191705949,0.2354614920534333,0.42079499753719884,-0.11170329998546025,-0.3987052839039967,1.6514044109491859,-0.07219717340220776,1.568192600624452,1.635367826496418,-0.22567331176831984,0.3883671936780666,0.8042486593136877,1.5073161695203154,0.2584466539210426,-0.4487325272019545
0.06016163113562777,-1.3824939965492349,0.02480152143001212,-0.039988172991155715,0.22266438390821722,-0.4943467512530939,-0.38557863054467867,-0.06377959294273612,0.9648088620740476,-1.142899666250002,0.41411797194469896,-0.7284855568654607,0.4449082326513243,0.18373639859598148,0.05710654087990692,-0.6072735426259039,-0.26226576719721,0.20458150470207065,0.2656227967362576,-0.8545010553625539,0.09768170763123318,-1.4771538386677656,0.08906877079267274,-0.017517239793918723,-0.10365002112365822,-0.6350845907357403,-0.5256901990196038,-0.09032259562688408,0.2350494816728272,-1.2708550475340723
-0.38224994951928565,0.7022819934646386,-0.41710433559210575,-0.4218827291963163,-0.3690005685563772,-0.8430980267151061,-0.5105390075464739,-0.5473168101620517,-0.843993270931925,-0.27656380448247125,-0.6112519030108676,0.29231519354941904,-0.7009379024953389,-0.4694858959206297,0.19921321782666265,-0.7336220870086563,-0.2707377205461571,-0.4264415780908216,-0.4688578758132502,-0.42101176537831436,-0.3727681945686248,1.2197734663350002,-0.45624676165133277,-0.4053923846511083,0.4096893395193981,-0.6363559594120307,-0.26691951790869917,-0.32206303479385306,-0.12838659391613336,-0.17524086713154977
1.0492473942558485,-1.438088022949605,0.9295003519785361,0.9533906244320527,-1.2151301186731955,-0.7577353956841466,-0.5433519002241416,-0.17199618974010805,-2.19136628837515,-1.430742213514741,0.27538934532961,-0.3080501007604414,0.14676960251776047,0.24487543108768411,-0.8856499500839365,-0.9430475946448466,-0.6274674704893234,-0.663956103923781,-0.8782210939547365,-0.9117543578133025,0.7270116206617453,-1.2282570867792282,0.5850801755756186,0.5773659514078181,-1.411403080860233,-0.97034451067353,-0.802978415109087,-0.4711358319188039,-1.7599494053584166,-1.3812402356347777
-1.4364293910670758,-0.48835673860995177,-1.3562054756771065,-1.146038603749912,0.7468892654103383,0.7235683309561661,2.7693933360870213,-0.12183461428344393,1.0977004473561198,2.504978079085564,-0.2852755705241171,-0.04201997034768893,-0.4882656796667302,-0.5200520130190304,0.9097466025604418,3.405690402415672,8.215738976999157,3.4654012929414844,2.5568702582759983,2.1553868449053737,-1.2352596819350314,-0.5356036259315237,-1.2445187785938117,-0.9863219618074363,0.6747744191957308,1.1702589295966892,4.644025720128156,0.9080134093614224,2.0537896711008408,1.8473892213007752
1.7790856069286036,0.5424491675635754,1.7158388556694226,1.8052221437955278,-0.3029510145209647,0.1956678495804955,0.11710008246846551,0.7464444329613513,-0.7221759844233596,-0.9898516777043602,0.6157417012997891,-0.54028721460725,0.6709966938359435,0.7388144567443334,-0.24824951373007317,-0.340040780612826,-0.25772722076027405,0.484858254673533,-0.708543006435222,-0.6898048671438419,1.65346778771322,0.07353842474305414,1.5978938823479816,1.584145698987955,0.022580969198405056,-0.09411721897415658,-0.01764500858168101,0.9306001968045968,-0.4715451202233052,-0.906748680813836
-0.8359331628023494,0.4567417101963382,-0.8581910900062119,-0.7785818699068443,0.4131652029156196,-0.802475897474496,-0.9812066466879834,-0.9618500327176314,-0.7332502831968654,-0.16563911553654773,-0.4322704106421778,0.827970456137259,-0.4470231691649206,-0.48971234275999004,-0.0056283579673193284,-0.8777488779019018,-0.7653787682196839,-0.868638210474369,0.7734704992422176,-0.6325515646930933,-0.8122674453079661,0.491095475608692,-0.8358291420780426,-0.7508768032943973,-0.16676551628468986,-0.9001649597422976,-1.1305013799353292,-1.0787204141401943,0.10090569411638625,-0.6936668251766532
-0.14272775617108424,0.8783297437324772,-0.19307977230100448,-0.23249247115239302,-0.23620620202202072,-0.6585200569858822,-0.7248096638664324,-0.6137745319599671,-0.5523700698962685,-0.6472488409599888,-0.2184270613261729,0.21322515477806048,-0.39832719290977187,-0.2081510089166231,-0.3660940751005536,-0.23214135996737817,-0.36483691667196266,-0.40337880552174155,0.05322854732371824,-0.43811340117529124,-0.1953177928616609,0.5189326123330675,-0.2917016609029784,-0.27080182892197435,-0.44447369499322914,-0.640170065440902,-0.8025036065198926,-0.6468610382267005,-0.4200713412772298,-0.7870274320279964
-0.018739797261426657,-0.5231030051101827,-0.08823463847555293,-0.13086152550550456,-1.0712116167223489,-0.9179775276194566,-0.760953188507623,-0.40803568440166965,-0.637273027159814,-0.6992009104663077,-0.9214146096658462,0.84055296230543,-0.810255400210979,-0.6349750064244862,-0.5383550956921088,-0.6939285177556677,-0.6338214355010336,-0.3888044145232254,-0.38342555202720063,-0.8615647744960878,-0.28404299371514286,-0.09512187423404679,-0.3261551477022728,-0.35081432465071144,-1.075628646603545,-0.8219757861504354,-0.8988897501263396,-0.5358846225892371,-0.6056889077797453,-0.9759453658918898
2.959789124727384,0.500753647763298,3.014116489367395,3.3565803113302044,0.4965962185392988,2.0208556841240375,1.7578680730912466,2.509738392542057,0.6547284964158812,0.6698063265245234,2.1015037283121667,-0.5697662290583928,2.0782110280663644,2.2893554837707444,-0.6707569264083543,0.3900972678998932,0.10414621514475286,0.7026733289370698,-0.19357594361375752,0.3712401016512009,2.8110221523365557,0.16523722807040966,2.919600919045054,3.1066792821705476,0.08569646435943669,1.057742801744985,0.9110805918824096,1.999708135781517,0.38323157257819634,0.7056439175128841
-1.3327303708880898,0.5192849898967543,-1.316888550492562,-1.0942322999800496,-1.1240512599506791,-0.7884359910549303,-0.630935185190849,-1.1052561205206426,-1.9920289104520423,0.648744676724663,-1.035703996359106,-0.06358998092169592,-0.8415599563750032,-0.7698486314851293,-0.48844445793519947,0.08932064454626144,0.15376765618858607,-1.0337612557432705,-0.10814361982770834,0.30543598130196387,-1.3064461802942207,0.3388099629400471,-1.2115503558806937,-1.0281828039436631,-0.9914746530555028,-0.40496686032716994,-0.41363537196974426,-1.3410283056469259,-0.8349811958122653,0.45027519877244654
0.026346733251176015,1.9485147519395993,0.026439726646034473,-0.08896353119982364,-0.9474556102138904,0.023444997500489468,0.2689522286572215,-0.11343191382623614,-1.741011471585907,-0.18670076533640725,-0.2565235235572595,1.989156025371301,-0.37894818195109015,-0.23757129522841977,-0.21393595027219794,0.1849206493668395,0.18856317887176166,-0.2358533881102275,-1.0170486201070668,-0.06410806178923188,-0.11278272230028222,2.393845644651323,-0.14557135482321218,-0.21039504406716605,-1.0125131514425132,-0.062333002066895474,0.15423570070666304,-0.48950641903925235,-1.5930495766544734,-0.32406865805339635
2.221497187583517,0.5702461807637599,2.264637603037019,2.34027085486132,0.7260315115044187,1.7363135806875056,1.9281003734490718,2.5861265785166725,0.03825919802404977,-0.17125555548317656,2.1608048251813106,-0.9301651557324261,2.332125761396783,2.0664048765641594,-1.021171195659989,0.17150310483061798,0.10565906395706488,0.5008740689576168,-0.6219241225965884,0.012849299297163903,2.344699003664766,-0.01979785721514729,2.6017972046032862,2.3736729747218517,-0.11627312015586547,0.865130447286983,0.9576118336234533,1.9349593451110834,-0.2656500044390019,0.10319341330157196
-0.6809482141652777,-0.923843278746183,-0.6910941579718987,-0.6653440474590576,1.3309063747760965,-0.5585559232785745,-0.5975055088162325,-0.40829031168825164,0.7211742890569167,0.3426486996333817,-0.22345866954537286,-0.8589841208382029,-0.25472375272877196,-0.3623776660667449,0.9052407810962761,-0.7923238443546252,-0.47678772878304954,-0.05967943098530822,-0.10577049972254039,-0.24590588580492082,-0.6678310718255533,-1.2708315311812148,-0.6902928616327472,-0.6477260361739062,0.5822050262928842,-0.8957151693752812,-0.7844608801305084,-0.5429618159880983,-0.2282145288418556,-0.3185768576503761
-0.12300239907182052,-0.7802253772118937,-0.1664589375406357,-0.21578989234134457,-0.8925301915949679,-0.728345191579189,-0.7763727809313391,-0.7186809740317722,0.21544797840014504,-0.8325913591987475,-0.8491750916616159,-1.277622076062055,-0.7431742084309272,-0.604405490178635,-0.9338275795853974,-0.5183823100734366,-0.622626354289925,-0.8404503773343819,-0.11763610024838052,-0.5890539258181738,-0.3005500078274186,-0.935148411857859,-0.24477363577980152,-0.37536562024959547,-0.9115283591848627,-0.27210883365481864,-0.6614854555291795,-0.6750192332391911,0.64216027879179,-0.37624076188208827
0.5730209157164828,0.486855141163205,0.5854772566137739,0.4373092486262648,0.3436393565625531,0.48208194053963555,0.19493818502338442,0.1933939665051357,1.2785806606567167,-0.5208789421608355,0.09497025061257719,0.08560259221518558,-0.01174076916991755,0.07777739867615116,-0.709576311330395,-0.3143238202517349,-0.3049281037044079,-0.37663239566732193,-0.6017526017026601,-0.5161860863354029,0.6547934339205387,0.9430395777220878,0.6623035080567957,0.5155461423458799,0.30870454726174823,0.33751244662644886,0.12004948228467203,0.24847921602073142,0.887050681656454,-0.4212735251868537
-0.5146916329000556,-0.09688213604067959,-0.5743720363302831,-0.5404993482103729,-0.8848823484961307,-1.1349408814898119,-0.995997119740812,-1.0185046039821377,-1.013799185459016,-0.4450570028813426,-0.8006560124050434,0.565535327486841,-0.8291375134527713,-0.6218737851762642,0.33161504854290874,-0.9342143778251675,-0.7644105449798042,-0.8105008046231457,-0.12238234045871639,-0.5723240647124357,-0.607993145668554,0.4157714585897925,-0.679303387395041,-0.5984468169502469,-0.4192274969288164,-1.0290817435181487,-1.1287445881553102,-1.1273572964344964,-0.5573347518000984,-0.6475357017912843
-0.6020467857682232,1.2628550930017028,-0.585429921538436,-0.6058941906739697,0.4965962185392988,-0.1959519401492575,-0.4204885877919719,-0.14755197022823105,0.023493466326041403,0.8256625350434794,-0.5192453527169226,-0.024044961536016436,-0.49820363400451567,-0.4805185032875535,0.4837731733712638,-0.27351212228739447,-0.27013258102123233,0.8115808660688381,0.06153446769180645,-0.03250721303394854,-0.6843380859378291,0.7268923984504635,-0.6807884514812175,-0.6521417368211875,-0.04474222564002939,-0.4462863423066094,-0.5366107965710732,0.08284277477078597,-0.4871432350554494,-0.07419173971597909
1.790357239556754,0.46832379902974874,1.662597186148685,1.8420244360910585,-0.8556814930278425,-0.3588148546162197,0.023719030750441,0.2975365267171948,-1.2795823560231596,-1.5234134726341204,1.0085665429844841,-0.3170376051662779,1.1311239796754102,0.9930241181572018,0.35864997732790127,0.3459311838014971,0.3117090721939572,0.8211903546392878,-0.8319452519039597,0.06378243199685585,1.6348973968369098,0.04078885212614149,1.6127445232097466,1.5311572912205793,-0.39398129886440364,-0.13543670095359603,0.19886770809092924,0.44874873135021043,-1.0502351804958554,-0.6914701050154453
-0.3484350516348334,-0.865932834579131,-0.32045022784676774,-0.3927239899160112,-1.2290352879438091,-0.12818599183082036,0.283755037383989,-0.3726424915667645,-1.4087825083807293,-0.4590981027479156,-0.41501918246206304,0.3084927014799245,-0.25869893446388614,-0.390878568431298,-0.17546316700124698,0.8088364703011385,1.4221401004309544,0.9861532417653485,-0.19476250366634149,-0.02432816982669878,-0.4945074236466583,-1.020297300661832,-0.4538706591134505,-0.5078366396680345,-1.3844738029248593,-0.13162259492472475,0.2871821056810726,-0.1957276036950312,-1.4230301249841018,-0.6914701050154453
-1.0726374479935132,-0.7153656797447951,-1.0891780254654095,-0.9354162539970289,-0.10549761087825638,-0.9866794696991982,-0.9668355865490801,-1.0959112991030813,0.2634366064186707,-0.08560484629708368,-0.7057742574144126,-0.4500526703726542,-0.7511245719011556,-0.6280796268201589,0.05606673592663814,-1.000463503972761,-0.6701298069965212,-0.9749832173206838,-0.5720886003880598,-0.4295625832768028,-1.0413022661157918,-0.6797017454459396,-1.0775975753075744,-0.8799918902209026,-0.15414241725248376,-1.0424311146191982,-1.0924217310819446,-1.3685841863275985,-0.3592386934318672,-0.5420931340532968
-0.7598496425623327,-0.49298957414331585,-0.7472026866206757,-0.7284741334736987,0.9276564659283113,-0.14578267454334265,-0.8411350691109467,-0.761967612750721,-0.6225072954618057,0.42127885888618705,-0.44017722355806366,1.241395658805726,-0.462426998388488,-0.43477915191218214,-0.09019916083319361,-0.43564078543340407,-0.6259546216770113,-0.33034669238632025,0.284607757577602,-0.08752986733726545,-0.7256056212185186,0.13740009134603412,-0.7348447842180418,-0.6713941916433339,0.384443141454986,-0.4653568724509661,-0.9345953560337527,-0.7631077042675712,-0.5105404073036657,-0.15931464596279138
-1.8027574514819722,1.4018401590026273,-1.7989304353072355,-1.3490174004875695,-1.0343629181552234,-1.0083945249614599,-1.0916726068114855,-1.2358289930799187,0.20806511255114085,1.4364503792393872,-0.10449707521999882,0.4397102658051335,-0.18664876551494156,-0.48626465295782634,1.9880243391003374,-0.8637722690100047,-0.9763304066084671,-1.8550522122310757,0.9965437891280131,1.1564282495471818,-1.489674036940481,0.8185912017778196,-1.491930455350814,-1.1217956576660266,-0.2761657078971454,-1.0743424683940883,-1.3005778165847348,-1.7271117923422528,0.2288102357399693,0.852274988273522
0.5673850994024076,-1.0605119269804257,0.5076625088526964,0.4095659821265572,-0.06308684460288494,-0.3301734455203056,-0.4132105401679779,-0.08287663943638998,-0.2902783322566277,-0.5433447019473517,-0.6040638912691532,-1.0428684609816123,-0.5657817235014567,-0.4244360825056911,-1.028103228681782,-0.7090232553589167,-0.4223251715398181,-0.4541489368022864,-0.6432822035431008,-0.7957606541468507,0.2916391234504732,-1.0383095656011345,0.25242582027208615,0.11442389554684645,-0.48655069176725024,-0.5098547761211316,-0.20376997554585455,-0.02707959078599594,-0.20793697956006865,-0.754625809650177
0.2602331102853022,-0.08530004720726901,0.21933839083270523,0.13185022257336035,-0.25775921439147165,-0.3122023653032614,-0.16822405573997684,-0.13201970574672592,-0.9325876611199732,-0.48718030248106065,-0.07466682649188373,-0.034829966823019934,-0.11807688058422193,-0.04151266847871199,-0.6835811874986715,-0.4943425427793732,-0.078605921382535,-0.3458820322418813,-1.0562051018423393,-0.759698509096704,0.2648152255180246,0.3502723133559666,0.19005312865267351,0.14815984849207564,-0.3182427046711659,-0.2689304119640925,0.06022360004618766,-0.04063166325190053,-0.981603475234421,-0.7864782519876938
-0.8951092341001406,0.44284320359624596,-0.8192837161256732,-0.8046265690698352,1.8662553916947078,0.3585307640474577,0.19617175241728174,0.20765309455373054,0.3003509356636906,0.8537447347766235,-0.6116113035979532,0.378595235845447,-0.5195702358307543,-0.5361412320957942,0.39504315069231405,-0.41942791911880317,-0.19116187301854665,-0.19421227097160995,-0.8129602910626155,-0.26821236727923836,-0.7132253606343117,1.5423567566115919,-0.5994069395587462,-0.6519651087952962,2.4714621814464293,0.11057313790860465,0.6095771377440162,0.41712722892976645,0.08218795631781353,0.6699472148932532
-0.38224994951928565,0.4567417101963382,-0.4048177964719358,-0.4187686890790023,-0.581749658396761,-0.6858510748159702,-0.70778643383065,-0.5065764443089235,-0.44162708216120883,0.035148612555439794,1.1656245995409447,0.9537955178189664,1.1182046390362892,0.30693384752663017,-0.8156364165638272,-0.4048922458712299,-0.317938603490291,0.9589263574824064,1.5791447749467669,0.7857688823822704,-0.5254580751071753,-0.39641794230964417,-0.5453506068219219,-0.5362737518365261,-1.6108480455690926,-1.0337858076204232,-1.05434208222856,-1.0084002159004446,-1.142264058005506,-0.8320601953327618
1.824172137441206,2.2913445814085467,1.9738561771929939,1.7259556680820771,1.5255787445646822,3.263855399136255,3.243083215343579,2.634505762967262,2.153450263763687,1.058744792828584,1.1472951695995728,0.6787778830003774,1.4431757458818737,1.0555422265697698,-0.13941659528792358,2.0371008597210802,1.177058592836413,0.8099792846404291,0.33444327978613075,0.901019036666245,1.9485306649701486,2.210448037996612,2.292903874678577,1.6565631896033683,1.381667964999285,3.913872533031466,3.156450410182351,2.263220655951885,1.8338562519676074,2.204356247497086
-1.0895448969357393,-0.6620880711111079,-1.0670622550491038,-0.9470231307979269,-0.49275657506483567,-0.4116049027537868,-0.554083936551048,-0.6150476683928774,-0.5339129052737586,0.6347035768580919,-1.0507988210167063,-0.3493926210272884,-0.9336351033145854,-0.7578047017762375,1.159646392996078,0.31853703037337844,-0.1857156172942235,-0.0981173852671086,0.27867495731468167,0.7913455027508499,-1.1279640902052392,-0.6354898224131075,-1.0787856265765159,-0.9285645973409969,0.5864127259702869,-0.17675618293303547,-0.4539941020512615,-0.47234046058243984,-0.34364057859972297,0.6002013497748967
-0.6668586733800896,-0.30072689950870257,-0.6923228118839158,-0.6347698353981552,0.26577040864711904,-0.8144566176191921,-0.7604597615500641,-0.34081408074400804,-0.718484551498858,0.035148612555439794,0.8561806940601377,1.595503332395674,0.6312448764848015,0.20258376951447626,-0.46036972419693784,-0.8437577650768076,-0.591461668756298,0.4384123932496906,-0.5542901995992994,-0.37305283020853136,-0.6059297689045196,-0.41443020724894614,-0.6623736568126294,-0.5820204105423603,-0.7768819695079956,-1.0976085151702035,-1.0099949599978106,-0.6489691383880634,-1.4557861661316045,-0.8078962735594726
0.08834071270600431,-0.9863865584465991,0.08459601181483964,-0.043102213108469914,0.2671609255741798,-0.010250777906468417,-0.0447439596108584,0.1727691562919896,-0.33088409442614913,-0.25409804469595504,-0.5972352801145243,-0.8591638709263199,-0.371494716197751,-0.43891637967477853,-0.4222435425770766,-0.12144661754355097,-0.03412816630056255,0.5361088603826005,-0.6978639659619655,-0.45856100919341575,-0.09214895465993764,-0.9940976425683019,0.03560646369031891,-0.2052728313163198,-0.023703727253018843,0.13409345841997808,0.1727532356852416,0.6806397491001338,-0.34364057859972297,-0.38612600260752455
1.3789426486292546,1.1933625600012403,1.232568316942732,1.1909069570162851,-0.3870772886081752,0.33606691377615244,0.7192043274297313,0.8701932942402284,0.5144540452848058,-0.8887557586650376,0.5129531333932725,-0.9954144377187971,0.09310464909371918,0.3988722422509949,-1.0579109706754917,-0.3758208993760834,0.14620341212702612,0.06684550185895205,-0.0927183391441159,-0.15779528398136602,1.7050522068140817,0.7350797916046918,1.3513732440426856,1.3068396983386892,-0.3056196056389598,0.4335007816863773,1.4319456142285794,1.2182052902476839,1.6295209476665182,0.49530796207721195
-0.8415689791164247,-1.24350893054831,-0.8463141021900478,-0.7664088039937071,-1.6072558921044904,-0.7863768047800607,-0.5359504958607579,-0.861272254517721,-0.45639281385921615,-0.2512898247226406,0.055436186033147865,-0.7336983094208458,0.22975152123826917,-0.2633140457512419,-0.47943281500686863,0.48793353014317453,0.3867463732846318,0.5008740689576168,1.2575870006964973,0.39763610472914346,-0.8617884876447933,-1.6540015307990943,-0.8251366806575718,-0.7588250644595037,-1.831331508664963,-0.8060836776968049,-0.730332700962356,-1.1365425899947208,-0.5230188991693814,-0.7513307294083648
0.04043627403636404,0.7208133355980957,0.07640498573472614,-0.07226095238877517,0.5522168956217526,0.23872356260049693,0.7130364904602449,0.32732791924729476,0.41478535632325186,-0.39310493337502456,-0.7334481026200133,1.138938108579193,-0.48329670249783746,-0.5000554121664811,-0.28117667058358964,0.03844578817975493,0.4291061400293673,0.18856569041798718,-0.7014236461197176,-0.0020216883523812347,-0.2076980534458678,1.3671465431111087,-0.09210904772085877,-0.27345124931034315,0.2455890521007166,0.13282208974368742,0.7097617500640179,0.323768507497979,-0.33272189821722237,-0.019273735685777425
2.5596461664280366,1.7446699884715755,2.5226549245605914,2.872488620365917,-0.053353226113456526,1.2271329745379225,1.3137838112882234,1.9139105419400568,0.3520309966067178,0.06603903226189926,2.340505118724172,-0.4563439234567394,2.176099878293551,2.654810602800094,-0.17199715049035064,0.1949838077690056,0.3843258151849327,0.8932615189176641,-0.536491798810539,-0.2633792962931362,3.0359302196163127,1.406446030251403,2.928511303562113,3.640095920362129,0.6705667195183291,1.0183303727799813,1.4628081725262099,2.1773908636678216,0.2990017524846183,0.1597589574526798
-0.7344884691489937,-0.1594254157410957,-0.7603083283488568,-0.6973337323005574,-0.042924349160495784,-0.8970112673662385,-0.7171615460242693,-0.6557880342460055,0.3926367587762403,-0.49841318237431925,-0.2942605852012602,-0.46425292733387546,-0.34019016003372693,-0.3867413406687015,0.4865459865799813,-0.9180015115105664,-0.5681637970466934,-0.4664811138010306,1.3952279667962437,-0.5113530153493008,-0.7132253606343117,-0.5650782412867451,-0.7600908736830418,-0.665742094814814,-0.3056196056389598,-1.05018646354457,-0.8696415410319694,-0.7760574624016578,0.6156434835771453,-0.7414454886829285
3.9404211633764916,-0.22428511320819428,3.9560844885804354,5.219342490596295,1.2752856976936426,0.9163830457848686,2.856976621053729,2.825476227903801,-0.6114329966882999,-1.0347831972773927,8.863625774330037,0.464875278141475,9.49689394122321,11.154515195067612,2.2618396434611596,0.14410895140249927,0.956787805763788,0.39837285753948165,3.252194449090233,0.2656560893394306,2.4375509580463173,-1.2200696936250004,2.408738873400343,2.8541012051460575,-0.755843471120985,-0.6408057497790471,0.21928447742628487,0.6746166057819543,-1.970523955592363,-1.5712565295792753
-0.3146201537503816,0.6443715492975866,-0.4052273477759411,-0.3649807234163036,-2.31850530029636,-1.5587588566084354,-1.0719972068788237,-1.1886720196049227,-1.5453655265873019,-1.4433792033946562,-0.8398306763973871,-0.1354900161683859,-0.8778334897079202,-0.596590726627064,-1.2152681202701918,-1.2797161496328706,-0.9280705294957148,-1.5584393316898482,-0.5092009176011069,-1.0384179951183028,-0.4738736560063137,0.5074702619171481,-0.5708937091041575,-0.48452174025038935,-2.1422805148249786,-1.386336341555763,-1.2627023354247038,-1.5876910823846853,-0.9613259259526332,-1.3966172767632339
-0.22162918456813868,-0.8288701503122176,-0.22174836358140146,-0.3830987750079494,0.8303202810340184,0.9519508087144348,0.3503676766544425,0.5432518582688743,0.47384828311528426,0.898676254349656,-0.4340674135776064,-0.36197512719545893,-0.6621798805779757,-0.6283094728069698,-0.04514094619153937,0.5930376290102428,0.2278972479918734,0.3599349032576813,0.10899686979516732,0.3128714751267364,-0.1581770111090406,-0.4471797798658588,-0.3190268400886258,-0.47374743067102293,0.901990201775444,1.4410604576465538,1.0060423097212738,0.8447704045205345,0.9603618213675322,0.9741929572205695
-0.6809482141652777,-0.6412403112109684,-0.7037902483960745,-0.6560019271071152,0.6426004958807385,-0.7805736434599736,-0.6485751989235802,-0.5737980479665851,-1.752085770359414,-0.4450570028813426,0.1513961427850358,2.3198961875060746,0.1939748856222415,-0.13620921504480774,-0.12000690282690342,-0.6341086316983469,-0.17088969893356604,0.23821471469864616,-0.8105871709574475,-0.02023864822307398,-0.6121198991966229,-0.07219717340220776,-0.6308902981856878,-0.5942077443288567,-0.21305021273611374,-0.9510197067939153,-0.8039280322874756,-0.6778802263153264,-1.8706960206666403,-0.5728472163102101
-1.3025787536077869,-1.6210850265174896,-1.2927250235562275,-1.0797944776179569,0.45488071072745967,-0.7062557388124056,-0.7270300851754475,-0.7072227461355799,0.005036301703531456,0.9028885843096282,-0.4653352646540642,-0.4324371617372151,-0.4763401344613876,-0.56533167242078,0.9295028966725517,-0.6050372852032003,-0.3757294281206089,0.42079499753719884,-0.017965055831322872,-0.2949801450484195,-1.251766696047307,-1.6802011888926245,-1.2555082528315178,-1.003631508344779,0.009957870166197794,-0.8747375862164887,-0.8795650405461308,-0.7894589562846079,-0.7195551460543983,-0.3366997989803432
0.03480045772228883,0.6281566249308119,0.18493608129622885,-0.027248917965779714,0.628695326610125,1.837400906908379,1.5419937791592213,0.9674609177145718,0.4996883135867974,1.446279149145988,1.066789438092371,0.09099509485868752,1.2449135568430538,0.47081403612281036,0.8605291681057119,2.539140651118034,1.1110983846196103,1.104670267467567,-0.4059701930262969,0.8742512588970639,0.2833856163943355,0.5877067148285846,0.3474699217873809,0.13491274655023172,1.3395909682252638,2.3666168539859966,1.9860472378183514,0.960715913395496,-0.10498942166791703,1.6112418039709082
-0.08918750118736826,0.9987834675999454,-0.014105852450526618,-0.1628512103470045,2.533703516684145,1.3881239014822764,0.8302253928804869,1.1006309885969845,1.6145010567863973,1.6274093374247747,0.567941423217388,1.2809406781914054,0.5174552993171581,0.2855581707532154,0.6584604055204468,0.33195457490959995,-0.03473330582548742,0.2125894118441124,-0.05237529735625925,0.27680933007658926,0.5990822612916082,2.608355345292102,0.6266619699885604,0.4766879766498045,3.8053029791828967,1.7067765109912565,0.905382888812078,1.3040350825317466,2.3719912136765817,1.3586189854319812
-0.258261990609628,1.3462461326022577,-0.31963112523875653,-0.33242484946256495,-0.5525488029284727,-0.9471805329721533,-0.7497277252231577,-0.7092597644282364,-0.718484551498858,-0.9519407080646143,-0.712962269156127,0.23839016711440197,-0.771994276010505,-0.5221206269003286,-0.4007542402095185,-0.9537816302738236,-0.5194500652902475,-0.821872032764845,-0.8248258915884558,-0.7188032930604549,-0.4016554692651075,1.3605966285877251,-0.47852272294398007,-0.44195438601059756,-0.13731161854287602,-0.9287707549588325,-0.6405938776046293,-0.8228874017005059,-0.7289140149536847,-0.877642138677829
0.2095107634586238,0.1787715781944885,0.17264954217605888,0.07240036578827234,0.000876934041935479,-0.35937645087300235,-0.24988621721597723,0.024830702787817682,-1.2057536975331198,-0.721666670252823,-0.6270655288426393,0.7524754191282345,-0.63186911984773,-0.4242062365188802,-0.5231046230441644,-0.63914021089943,-0.3248977080269262,0.03961861757600999,-0.09865113940703617,-0.7247516881202729,-0.05913492643538579,0.41904641585148367,-0.10398956041027041,-0.1757759509924806,-0.44447369499322914,-0.7221733450616356,-0.49340321495439,-0.1957276036950312,-0.8458998761947663,-0.9814371662949102
0.6688297930557633,-0.2659806330084717,0.6018593087740003,0.517425008008074,0.06970752193147156,-0.33635100434491444,-0.3685554005088961,-0.004706062455700309,-1.176222234137104,-0.9393037181846989,-0.24394450300925918,0.39836774553828697,-0.260189627614554,-0.15436704800286977,0.11533561826296805,-0.39650628053609144,-0.4220226017773557,-0.2006185966852434,-0.4130895533418011,-0.6544862714761723,0.3783009475399204,-0.07710960929474486,0.2910374865126747,0.2223436193664015,0.06886566564982778,-0.5371892026613762,-0.5109711327545798,-0.35338338004838815,-0.8069045891144058,-1.0528305715341721
-0.9373778564557053,0.588777522897217,-0.9466541716714364,-0.8363331593552156,-0.545596218293166,-0.8464676042558019,-0.6458613506570061,-0.8783322827187185,0.7470143195284309,-0.4001254833083111,-0.3560774861800046,0.7255129059107259,-0.3118669901710382,-0.4619009783558697,-0.1321379606150409,-0.20474720653925946,-0.07134424708343745,-0.18139961954434336,-0.23510554545419812,-0.398333509212758,-0.7297323747465875,1.0019888084325306,-0.7042524640428062,-0.695238975138653,-0.07840382305924602,-0.5263825689129074,-0.38562166520727925,-0.6000310989278522,0.08374776780102779,-0.39765878345386696
-1.3958515136057335,-1.292153703648634,-1.339413872212874,-1.1165967699134876,-1.2964753589062834,-0.28337375745508653,-0.3530124513457903,-0.6807415083310466,1.9467300199915762,0.9843269635357489,0.010870513234518188,1.883103473382434,-0.12900863035578583,-0.385592110734647,0.6286526635267368,0.7959779901205928,0.3283504091293891,0.6434148160859602,2.550937458013078,0.7660648237466231,-1.2971609848560655,-1.0956213176807317,-1.2418456632386938,-1.012109653587559,-1.4223431000214783,-0.5378248869995212,-0.6372702174802691,-0.9611185408527331,0.578208007979999,0.057062289916202956
0.04607209035043925,-0.6064940447107375,-0.0657093167552412,-0.06433430481742991,-2.1947492937879014,-1.4207933761921698,-1.002238970753932,-1.0766869389661364,-1.1282336061185785,-1.2439955852893245,-0.9940135282571622,-0.8943948881971978,-1.0055858927201522,-0.6786457439185595,-1.1896195980895579,-1.198204566575325,-0.8303102392441143,-1.2772016328613407,-0.6005660416500761,-0.8849865800441212,-0.2861063704791773,-0.8630993521006513,-0.3849636855148617,-0.35063769662482014,-1.9563001890838057,-1.2843725737172695,-1.1170168160022105,-1.2252333753549185,-0.707076654188683,-1.2444944055995757
2.6441834111391667,1.1192371914674135,2.5881831332014986,3.090471428577906,0.7677470193162579,0.480209953017027,1.755400938303452,2.354415747727005,-0.06140949093750415,-1.061461287023881,2.1643988310521673,-0.5264464578222622,1.7860351705354718,2.8455827718531506,-0.21913497503854276,-0.3037015974938929,0.1074744825318392,0.22860522612819614,-0.6681999646473653,-0.23921394136262544,2.9657754096391407,0.7874791077917522,2.821586689357406,3.5729772705234533,0.8136285085500001,0.0978594511457002,0.9875247747426953,1.4184748055771632,-0.4965021039547366,-0.3559211003909132
-1.8134655024787154,1.3902580701692175,-1.784186588363031,-1.372797343201605,-0.6380655939427451,0.3229630011178912,0.04962394602228407,-0.8885173741820005,0.8245344109429722,2.090765633021671,-0.6727094034025262,0.47026778078497694,-0.7069006750980102,-0.656580529184712,2.961974978662249,2.2042611020681733,1.823045035693631,0.32950485611792235,0.07458662827023053,1.4088632648982102,-1.5720027698254562,0.9774266289698463,-1.5715298903698736,-1.164892895983492,1.1544521824195706,0.3432336056697559,0.31044772655159436,-0.9742188775697741,-0.18921924176149507,1.248782977371578
-0.7091272957356548,-0.7918074660453043,-0.6734834518996552,-0.6995984887495131,0.8998461273870839,0.26493138791701953,-0.21620982736258118,-0.09077008532043353,0.2671280393431723,0.08148424211513094,-0.5792652507602382,-0.8690501257727395,-0.5965893819485917,-0.5609645986713726,-0.3605484486831191,-0.2846934094009125,-0.18026936156990037,0.23340997041342101,-0.23035930524386225,-0.6615499906097063,-0.7544928959150009,-1.0235722579235234,-0.7565267198762182,-0.7196136427116457,0.3928585408097892,-0.22506819263207228,-0.2075684442594092,-0.06321845069507491,-0.19389867621113868,-0.5267160929248403
-0.9091987748853286,-1.500631302650021,-0.9507496847114935,-0.8167996349829723,-1.4396986023936007,-1.2255450775840762,-1.0535553743400594,-1.0680805366796633,-1.3718681791357092,-0.7286872201861095,-0.4491622382352067,-0.8196188515406403,-0.5265268038672042,-0.5000554121664811,-0.27112522270198997,-1.062687366759488,-0.9208088551966173,-1.2823266934322475,-0.4807234763390903,-0.4076278764937238,-0.8122674453079661,-1.2642816166578326,-0.8711736673290432,-0.7296814401874471,-0.633820180476324,-1.0772666163495563,-1.2125483041481078,-1.1318746539231312,-0.2703294388886455,-0.3850276425269202
-0.7852108159756715,0.42199544369610725,-0.7955297404933444,-0.7327205518154907,-0.5747970737614541,-0.690718242374753,-0.4584824635240083,-0.752291775860603,-1.2057536975331198,0.3749432293264979,-0.6195181165138391,-0.41572040354235973,-0.6313722221308408,-0.5490126073572053,0.758628282685355,-0.5351542407437134,-0.23715247691283103,-0.8244345630502984,-0.5625961199673876,-0.47752151844658564,-0.6781479556457258,0.5287574841181412,-0.6953420795257473,-0.6447233597337548,1.5878452491919874,-0.20854039984029657,0.18082498170154493,-0.480622282644937,-0.12838659391613336,0.24488186369949208
-0.5146916329000556,-0.8196044792454891,-0.5354646624497443,-0.5424810101032091,-1.0468775704987754,-0.563797488341879,-0.6174893005973685,-0.8146754610732057,-0.5412957711227627,-1.1063928065969135,-0.6058608942045818,-0.6864240362461471,-0.5866514276108062,-0.505112023876321,-0.32172906376107874,-0.16896708777600206,-0.33579021947557247,-0.8247548793359799,-0.020338175936490815,-0.7570960862580335,-0.607993145668554,-1.0366720869702888,-0.616336670141158,-0.5942077443288567,-0.9493976562814816,-0.5556240484675875,-0.6249251941612167,-1.0020759154163559,-0.6696411785915368,-1.1423469181034003
0.18414959004528486,1.0427954051669053,0.22507210908878464,0.03673045171721949,1.4838632367528422,0.8471195074483443,0.4712572812563766,1.063200777469423,0.5144540452848058,0.5504569776586556,-0.1763771926371432,0.11436260631386157,-0.2075184696242909,-0.11621261419225833,-0.07668169644069733,-0.11417878091976444,-0.27588140650801785,0.041220199004418284,-0.1686581825094933,-0.19980582409133102,0.20910405288909414,1.223048423596692,0.2138141540314972,0.07415270564364106,1.3732525656444803,0.566994492696874,0.13524335713889019,0.7032265365433082,0.6390406558253616,0.2882670868833513
0.12779142690453177,-1.3384820589822755,0.09770165354302138,0.009836468885870158,0.17121525760694872,-0.25211156582752037,-0.07743349554913649,-0.12845492373457718,-0.2755126005586193,-0.8733105488118079,0.034950352569261545,-1.0671347228773702,-0.15236282304958174,-0.07323141465861788,-0.6832345858475818,-0.39259283004636014,-0.058031177535091995,-0.47000459294352914,-0.5970063614923241,-0.5503893579293566,0.09561833086719912,-1.421479565219014,0.03263633551796611,-0.03729957869373903,-0.41501979725141414,-0.3789038024632159,-0.11735481231248825,-0.343896929322255,-0.44502832500866035,-0.7348553281993045
-0.8387510709593871,-1.4728342894498363,-0.8614675004382571,-0.7740523570089329,0.11698509745155672,-0.9644028181801538,-0.8471795493410432,-0.7810646592443748,0.060407795571061296,-0.22039940501618113,-0.6529423711128114,-0.7834890838291786,-0.7148510385682386,-0.57038828413062,0.7260477274829279,-0.9032981189562904,-0.6144569707034403,-0.5366303803653167,0.41038312315150777,-0.7965042035293282,-0.8886123855772412,-1.5754025565185035,-0.9252300000658672,-0.7812568237476927,0.08148876468203388,-1.0342307866571248,-0.9627040245140563,-0.8980261145947993,-0.08159224941970071,-0.8864290193226609
0.03761836587932643,0.04905218326029136,0.24268281516102813,-0.07197785783265563,-1.215825377136727,2.25859809949535,2.612730277062066,0.7497545876869178,-0.4047127529161889,2.1160396127815013,-0.15804776269577137,0.4900402904778165,0.26403746370362896,-0.2538903602919945,-0.5636570162216532,2.7571757498316334,3.365545684726931,1.815772421680877,0.6215908125114632,3.4272280636327186,-0.20563467668183302,-0.35875593380019444,-0.01191558706732846,-0.3075404583073547,-1.7955660614070452,1.060921223435711,1.9200488439203407,0.539095881122908,-0.8006653431815479,1.3366517838199008
0.23487193687196325,-0.07835079390722251,0.20991871084057467,0.09051841737991816,-0.41280185175880946,-0.08269669503142744,-0.3589335748364973,-0.008780099041013142,0.2412880088716592,-0.5756392316404679,-0.427957603597149,-0.4842051871148319,-0.34615293263639824,-0.35456290251517386,-0.5518725600846051,-0.22319633027656402,-0.5115832514662252,0.04602494328964344,-0.6171778823862525,-0.3518616728079297,-0.00961388409855894,0.04406380938783269,0.05045710455208377,-0.12949940820897268,-0.036326826285224934,0.32162033817281827,-0.4440231216781807,0.5150033078501888,0.07906833335138504,0.047177049190766686
-0.1793605622125736,0.6629028914310436,-0.20454720881316327,-0.2670300069989681,-0.5796638830061688,-0.480494043585789,-0.5056047379708847,-0.3741702552862567,-0.01711229584348007,-0.7637899698525411,-0.6216745200363535,0.24378266975790353,-0.5628003372001211,-0.4619009783558697,-0.8558422080902267,-0.632990502986995,-0.34244675424974524,0.041220199004418284,-0.47597723612875403,-0.6712161325819106,-0.2365853281423501,0.9659642785539269,-0.24952584085556617,-0.3255565169482625,-0.671689477572943,-0.516847303840729,-0.21706461604329563,0.20330564113438265,-0.06287451162112713,-0.806797913478869
-0.19063219484072452,-0.26366421524178923,-0.21724329923733912,-0.28373258581001654,0.44097554145684603,-0.39307222627995997,-0.6014529244767038,-0.5279651363818159,-0.6483473259333198,-0.7750228497457997,-0.40172136073989134,0.2797326873812485,-0.3819295682524257,-0.346518292976792,-0.3605484486831191,-0.5720524882183226,-0.40991981127885974,-0.35501104638380915,-0.18764314335083765,-0.7228928146640797,-0.24690221196252254,0.0031268436166917365,-0.29140464808574296,-0.32449674879291496,0.07307336532722943,-0.4914199303149201,-0.6448671549073782,-0.5358846225892371,-0.3639181278815108,-0.9792404461337014
-1.5522454163213237,-1.7716521813518251,-1.5384558059596292,-1.2196431883409733,0.11559458052449496,-0.9346382165706745,-0.8374343669292547,-1.0372451722745768,-0.4822328443307303,1.2988476005469762,-0.9016475773761312,-1.146404511736846,-0.9051628641368301,-0.7349120414898707,1.1041901288217342,-0.8158045472930128,-0.37693970717045844,-0.9354241560389975,0.05678822748147015,-0.3618995894713725,-1.400948836086999,-1.7227756332946111,-1.410845956245578,-1.07428271870128,1.7309070382236595,-0.8168903114452736,-0.7460013844057685,-1.0617050342663363,0.48149969602070525,0.3514227915180838
-0.93174204014163,1.1053386848673212,-0.9425586586313799,-0.8315205519011845,-0.9690086225833402,-0.6856638760637094,-0.9007163742361857,-1.0280531272289646,0.5993570025483513,0.09271712200838858,0.4054923578546414,1.2593706676173984,0.346025586990359,-0.1676981152379026,0.4640168792591539,-0.3601670974171582,-0.5899488199439861,-0.9073964810418511,0.5029348072530616,-0.29163417282727194,-0.6740212021176569,0.905377569212638,-0.6980151948808647,-0.6668018629701613,-0.4949660911220547,-0.5664306822160563,-1.0064813764377727,-1.2356232975787786,0.23037004722318358,-0.4174292649047395
-0.24135454166740242,-1.0836761046472465,-0.29341984178239366,-0.2933578007180784,-1.5509399565585062,-0.9752603458112847,-0.6894062796615804,-0.5615759382106466,-1.5785884229078202,-1.3254339645154463,-0.0038649108359964097,-0.11571750647554596,-0.08279714268508347,-0.09069970965624713,-0.8468305651618958,-0.825308641339503,-0.5654406691845318,-0.12214110669323408,-1.154689586206813,-0.8649107467172354,0.013083260305820065,-0.5847279848568924,-0.08616879137615274,-0.09276077882359214,-1.3280906272476714,-0.8175259957834189,-0.6595862211724022,-0.21982017696775058,-1.379355403454098,-1.1972649221336022
-0.8105719893890105,-1.0790432691138825,-0.8405803839339684,-0.751121697963256,-0.8897491577408454,-1.0870180009110277,-1.0796613610971078,-1.1609431080961372,-0.15000388112555127,-0.25409804469595504,-0.6913982339309837,-0.3977453947306872,-0.6651612668793114,-0.5798119695898674,-0.45309108952405547,-1.0073399955475744,-0.9468691888375035,-1.3840271141361782,-0.4059701930262969,-0.6437048054302521,-0.7297323747465875,-0.6322148651514163,-0.7520715276176889,-0.6895868783101329,-0.6548586788633346,-0.9819139656277731,-1.274377878632992,-1.4760972945571085,-0.15022395468113542,-0.5316587132875588
-0.5428707144704326,-0.9794373051465526,-0.569047869378209,-0.5589004943581383,-0.6345893016250912,-0.6963342049425794,-0.8456992684683666,-0.8049996241830876,-0.6483473259333198,-0.18670076533640725,-0.5364965808970372,-0.7371135610950635,-0.45149524861692397,-0.48925265078636815,-0.5272638428572402,-0.6128641861826629,-0.6583295862604879,-1.0315190417434987,-0.8414377323246319,-0.6306926912369002,-0.5254580751071753,-0.7435634120489196,-0.4838689536542156,-0.529915142904441,-0.2761657078971454,-0.3789038024632159,-0.7464761929949628,-0.8904971854470746,-0.39043492309615563,-0.2334539514035638
-1.241711937415773,-0.2821955573752463,-1.2767525227000065,-1.0395950506489924,-1.8325196342884251,-1.4827561631905197,-1.0916726068114855,-1.2358289930799187,-0.59297583206579,0.2598062104206022,-0.19003441494640075,6.592555782040622,-0.316835967339931,-0.4276539263210438,-1.8062239353780423,-1.0290316925477994,-0.9763304066084671,-1.8550522122310757,2.084619357347559,-0.7708517498338626,-1.3058271672650101,-0.8336247367454298,-1.3410479441952832,-1.023237219218708,-2.566416642307111,-1.4310249505273722,-1.3005778165847348,-1.7271117923422528,-1.5634131584733997,-1.0034043679069908
-0.30898433743630643,-0.23586720204160402,-0.3806542695356011,-0.3723411818754098,-0.4190591779305859,-1.216559537475554,-0.7756326404950007,-0.49155343440058247,-1.2795823560231596,-0.5601940217872382,-0.8010154129921291,2.0215110412323116,-0.8435475472425603,-0.6007279543896604,-0.8915421781524604,-1.1317318146854611,-0.5699792156214679,0.009188570436251074,0.7461796180327854,-0.7377638023136249,-0.6183100294887262,-0.5094039678379935,-0.6813824771156883,-0.5956207685359869,-1.4791470456664069,-1.3108806106179254,-1.0711028254271198,-0.9722613559913658,-1.441747862782675,-1.2175845836247767
-0.6302258673385999,0.40114768379596855,-0.6353951806271276,-0.6271262823829297,0.13019500825863903,-0.4014961701316995,-0.7764961376707288,-0.6809961356176286,0.7580886183019366,0.03936094251541189,-0.47467967991829296,-0.025842462417183486,-0.4659052824067129,-0.47730065947220074,1.0296707738374598,0.3012060353474258,-0.4831416937947599,-0.36942527923948437,0.2561303163155854,-0.5537353301505042,-0.6698944485895878,0.2110866297340877,-0.6626706696298644,-0.6362452144909748,0.4391432372612131,-0.21426155888360346,-0.7479006187625458,-0.4828809613892546,0.2553270309546141,-0.5684537759877933
-0.31743806190741924,1.3184491194020724,-0.3806542695356011,-0.3825325858957104,-0.8459478745384131,-0.971890768270589,-0.9429043791074727,-0.7871757141223441,-0.5412957711227627,-1.141495556263345,-0.5199641538910941,0.026285063136666547,-0.6015583591174843,-0.4391462256615894,-0.3016261679978789,-0.9039130897475339,-0.8044405245535794,-0.8402902191915411,-0.9814518185295462,-0.835540546109384,-0.4037188460291419,0.9757891503390004,-0.485354017740392,-0.4497260191498126,-0.4360582956384247,-0.9097002248144759,-1.088718224086229,-0.8355360026686836,-0.9441679996372747,-1.1505846187079312
0.020710916937100306,0.2528969467283152,0.020706008389955073,-0.1045337317863943,-0.4552126180341799,0.15261213656049377,-0.4671174352812893,-0.45717875071200553,-1.1356164719675816,-0.3551939637352786,-0.2119578507586298,-0.3583801254331244,-0.05894605227439835,-0.213437466613274,-0.9764595826694241,0.43258615893126107,-0.12278110670204496,0.30708271612020543,-0.5127605977588587,-0.37825767588587217,0.031653651182130225,0.21927402288831602,0.1395609497226729,-0.09646996736730848,-0.7095587746695617,0.5752583890927616,-0.10785864052860197,0.289135433418445,-0.5885309814643868,-0.2900194955546716
1.5959215767211548,1.3161327016353908,1.5765914123074947,1.5192966421148664,0.39230744900970005,1.0530381349353082,2.047756410657109,1.6898385297478518,1.4336208434858004,-0.2091665251229235,0.31815801519281106,-0.03303246594185248,-0.05099568880416998,0.5294247627595928,-0.6555064537604098,0.37164814416258846,0.4623888139002311,-0.18460278240115993,-0.5507305194415475,-0.19980582409133102,1.3068204913554298,1.2541605175827588,1.2266278608038603,1.2467861695356635,-0.19621941402650483,0.8498740231714975,1.393011309914645,0.8809092644296133,0.614083672093931,0.04333278890865254
